{
	"id": "1f9cf65d-2219-9b99-28f5-4e95e6f38be4",
	"name": "app-configuration-or-update-collection",
	"description": "",
	"order": [
		"56650987-4bb2-1e43-f0a0-f7a31831eac9",
		"42e6ce1a-bdeb-fe2e-c4ab-095e48de18e4"
	],
	"folders": [],
	"folders_order": [],
	"timestamp": 1577453260029,
	"owner": "7940003",
	"public": false,
	"requests": [
		{
			"id": "42e6ce1a-bdeb-fe2e-c4ab-095e48de18e4",
			"headers": "Content-Type: application/json\nAuthorization: eyJhbGciOiJSUzI1NiIsInR5cCI6IkpXVCIsInRva2VuVHlwZSI6ImFjY2Vzcy10b2tlbiJ9.eyJ1c2VySWQiOjI1NDYsIm1vYmlsZU51bWJlciI6IjgyMzc2NjI1MTEiLCJyb2xlIjoiSUhCIiwiaXNBZG1pbiI6ZmFsc2UsImlhdCI6MTU3NzQ1MTAwMCwiZXhwIjoxNTc3NTM3NDAwfQ.I_8imorLBFhQNX2AHSXfwsWpMJbVvDG3Eg1cZ7y67Bni5w2iGLNp_lZIe-vPVXsLEfJRWpP_beZAPHr5FRGdsQ\n",
			"headerData": [
				{
					"key": "Content-Type",
					"value": "application/json",
					"description": "",
					"enabled": true
				},
				{
					"key": "Authorization",
					"value": "eyJhbGciOiJSUzI1NiIsInR5cCI6IkpXVCIsInRva2VuVHlwZSI6ImFjY2Vzcy10b2tlbiJ9.eyJ1c2VySWQiOjI1NDYsIm1vYmlsZU51bWJlciI6IjgyMzc2NjI1MTEiLCJyb2xlIjoiSUhCIiwiaXNBZG1pbiI6ZmFsc2UsImlhdCI6MTU3NzQ1MTAwMCwiZXhwIjoxNTc3NTM3NDAwfQ.I_8imorLBFhQNX2AHSXfwsWpMJbVvDG3Eg1cZ7y67Bni5w2iGLNp_lZIe-vPVXsLEfJRWpP_beZAPHr5FRGdsQ",
					"description": "",
					"enabled": true
				}
			],
			"url": "https://utec-test.sokrati.com/support/getAppConfiguration",
			"queryParams": [],
			"pathVariables": {},
			"pathVariableData": [],
			"preRequestScript": null,
			"method": "POST",
			"collectionId": "1f9cf65d-2219-9b99-28f5-4e95e6f38be4",
			"data": [],
			"dataMode": "raw",
			"name": "https://utec-test.sokrati.com/support/getAppConfiguration",
			"description": "",
			"descriptionFormat": "html",
			"time": 1577453309101,
			"version": 2,
			"responses": [],
			"tests": null,
			"currentHelper": "normal",
			"helperAttributes": {},
			"rawModeData": "\t{\n\t\t\"appId\":1,\n\t\t\"entities\": [{\n\t\t\t\"entity\": \"IHB\",\n\t\t\t\"entityIdentifier\": \"DEFAULT\"\n\t\t}],\n\t\t\"properties\": [\"MIN_VERSION\"]\n\t}"
		},
		{
			"id": "56650987-4bb2-1e43-f0a0-f7a31831eac9",
			"headers": "Content-Type: application/json\nAuthorization: eyJhbGciOiJSUzI1NiIsInR5cCI6IkpXVCIsInRva2VuVHlwZSI6ImFjY2Vzcy10b2tlbiJ9.eyJ1c2VySWQiOjI1NDYsIm1vYmlsZU51bWJlciI6IjgyMzc2NjI1MTEiLCJyb2xlIjoiSUhCIiwiaXNBZG1pbiI6ZmFsc2UsImlhdCI6MTU3NzQ1MTAwMCwiZXhwIjoxNTc3NTM3NDAwfQ.I_8imorLBFhQNX2AHSXfwsWpMJbVvDG3Eg1cZ7y67Bni5w2iGLNp_lZIe-vPVXsLEfJRWpP_beZAPHr5FRGdsQ\n",
			"headerData": [
				{
					"key": "Content-Type",
					"value": "application/json",
					"description": "",
					"enabled": true
				},
				{
					"key": "Authorization",
					"value": "eyJhbGciOiJSUzI1NiIsInR5cCI6IkpXVCIsInRva2VuVHlwZSI6ImFjY2Vzcy10b2tlbiJ9.eyJ1c2VySWQiOjI1NDYsIm1vYmlsZU51bWJlciI6IjgyMzc2NjI1MTEiLCJyb2xlIjoiSUhCIiwiaXNBZG1pbiI6ZmFsc2UsImlhdCI6MTU3NzQ1MTAwMCwiZXhwIjoxNTc3NTM3NDAwfQ.I_8imorLBFhQNX2AHSXfwsWpMJbVvDG3Eg1cZ7y67Bni5w2iGLNp_lZIe-vPVXsLEfJRWpP_beZAPHr5FRGdsQ",
					"description": "",
					"enabled": true
				}
			],
			"url": "https://utec-test.sokrati.com/support/addAppConfiguration",
			"queryParams": [],
			"pathVariables": {},
			"pathVariableData": [],
			"preRequestScript": null,
			"method": "POST",
			"collectionId": "1f9cf65d-2219-9b99-28f5-4e95e6f38be4",
			"data": [],
			"dataMode": "raw",
			"name": "https://utec-test.sokrati.com/support/addAppConfiguration",
			"description": "",
			"descriptionFormat": "html",
			"time": 1577453261849,
			"version": 2,
			"responses": [],
			"tests": null,
			"currentHelper": "normal",
			"helperAttributes": {},
			"rawModeData": "[{\n\t\"entity\":\"PARTNER\",\n\t\"entityIdentifier\":\"DEFAULT\",\n\t\"property\":\"MIN_VERSION\",\n\t\"value\":\"{\\\"versionName\\\": \\\"2.0.5\\\",\\\"versionCode\\\": 3000,\\\"lastDate\\\": \\\"2020-01-10\\\"}\"\n},{\n\t\"entity\":\"IHB\",\n\t\"entityIdentifier\":\"DEFAULT\",\n\t\"property\":\"MIN_VERSION\",\n\t\"value\":\"{\\\"versionName\\\": \\\"2.0.5\\\",\\\"versionCode\\\": 3000,\\\"lastDate\\\": \\\"2020-01-10\\\"}\"\n}]"
		}
	]
}