{
	"id": "e1bddd82-6f7f-3cc3-b8bd-883e350a12e1",
	"name": "detailEstimateApiCollection",
	"description": "",
	"order": [
		"6504895f-33ef-9ee6-3184-3057377fcb1a",
		"bb9ca5a1-d8e3-24fe-2655-82089994874d",
		"e70c707d-7aa2-9992-0901-5ce2a0f31ac9"
	],
	"folders": [],
	"folders_order": [],
	"timestamp": 1577451104652,
	"owner": "7940003",
	"public": false,
	"requests": [
		{
			"id": "6504895f-33ef-9ee6-3184-3057377fcb1a",
			"headers": "Content-Type: application/json\nAuthorization: eyJhbGciOiJSUzI1NiIsInR5cCI6IkpXVCIsInRva2VuVHlwZSI6ImFjY2Vzcy10b2tlbiJ9.eyJ1c2VySWQiOjI3MDIsIm1vYmlsZU51bWJlciI6IjgzNjk3MTU3OTciLCJyb2xlIjoiSUhCIiwiaXNBZG1pbiI6ZmFsc2UsImlhdCI6MTU3NzQ0MTA4NSwiZXhwIjoxNTc3NTI3NDg1fQ.Hu8Ay5XZTbH6WPMCBwKDYJ5esLqcmY-Iy3BvVRnZbhkDLxhjpb8j8cI8ZBoT4SFjhGF5eMx2-QGOfM6y8E3TjQ\n",
			"headerData": [
				{
					"key": "Content-Type",
					"value": "application/json",
					"description": "",
					"enabled": true
				},
				{
					"key": "Authorization",
					"value": "eyJhbGciOiJSUzI1NiIsInR5cCI6IkpXVCIsInRva2VuVHlwZSI6ImFjY2Vzcy10b2tlbiJ9.eyJ1c2VySWQiOjI3MDIsIm1vYmlsZU51bWJlciI6IjgzNjk3MTU3OTciLCJyb2xlIjoiSUhCIiwiaXNBZG1pbiI6ZmFsc2UsImlhdCI6MTU3NzQ0MTA4NSwiZXhwIjoxNTc3NTI3NDg1fQ.Hu8Ay5XZTbH6WPMCBwKDYJ5esLqcmY-Iy3BvVRnZbhkDLxhjpb8j8cI8ZBoT4SFjhGF5eMx2-QGOfM6y8E3TjQ",
					"description": "",
					"enabled": true
				}
			],
			"url": " https://utec-test.sokrati.com/detailedEstimation/addMoreImages",
			"queryParams": [],
			"pathVariables": {},
			"pathVariableData": [],
			"preRequestScript": null,
			"method": "POST",
			"collectionId": "e1bddd82-6f7f-3cc3-b8bd-883e350a12e1",
			"data": [],
			"dataMode": "raw",
			"name": " https://utec-test.sokrati.com/detailedEstimation/addMoreImages",
			"description": "",
			"descriptionFormat": "html",
			"time": 1577451106390,
			"version": 2,
			"responses": [],
			"tests": null,
			"currentHelper": "normal",
			"helperAttributes": {},
			"rawModeData": "{\n\t\"appId\": 1,\n\t\"comment\": \"add more 1.\",\n\t\"id\": 1291,\n\t\"images\": [{\n\t\t\"base64String\": \"/9j/4AAQSkZJRgABAQAAAQABAAD/2wBDAAoHBwgHBgoICAgLCgoLDhgQDg0NDh0VFhEYIx8lJCIf\\nIiEmKzcvJik0KSEiMEExNDk7Pj4+JS5ESUM8SDc9Pjv/2wBDAQoLCw4NDhwQEBw7KCIoOzs7Ozs7\\nOzs7Ozs7Ozs7Ozs7Ozs7Ozs7Ozs7Ozs7Ozs7Ozs7Ozs7Ozs7Ozs7Ozs7Ozv/wAARCAD6ALsDASIA\\nAhEBAxEB/8QAGwAAAgMBAQEAAAAAAAAAAAAAAgQBAwUABgf/xABBEAACAQMCAwQGCAQFAwUAAAAB\\nAgMABBEFIRIxQRNRYXEGFCIygZEVI0KSobHB0TNScoJDVGLh8CRTohY0ROLx/8QAGgEBAQEAAwEA\\nAAAAAAAAAAAAAAECAwQFBv/EACIRAQEAAgICAwADAQAAAAAAAAABAhESIQMTBDFRBUFhIv/aAAwD\\nAQACEQMRAD8AfnnDsW5EnlW5oNwJLQxk+0h/CvNcLOueflW5oPDHFI2faziu587xyeC7eR/GeW35\\nEkbppXURxadcjvib8qs7YVVdMXtZVxzQ/lXzs+309+ngYB9SPjXsfQmzW709Y2k4MFjy5715C2GY\\nfifzNe19BQvYRZAI7R+fxr18Zt52Ul+27eaUltAZBLnfGCOdaMMjCJMzwEKoyAOX41VqwXsUHCMl\\nufX/AJvSuqRiOWMAk+wBv4VvHGajFkx7h5WfI/6m3JA25+HjUo0hCgyQMuwyATvt4/8ANqwDQMTW\\n+Dj9j0REnFk+rsPzzgL+o+NVyQlnjPZ24QMOL2fe93l8yK84WPfUB8GrMP8AT2f49SYATvZ25HU5\\n/wDrVIhfg4TYW79+GA338OvTzrzhlI5Eiha7mGfrX3/1Gnrv6vN6RwTI0Y05H9kZAZduf7CoaLDc\\nf0aq9WbKHAyPHuzXm0vZ0laRZW42GC2cnFEb65ZSpuJSDzBc71fXU5x6MQRIpUac44sZOVY428dq\\nHsIiMmzn3wMo2+4xz4vP51gDUrwHIupfi5oxq17nPrDc842x0/anDL9OeLcAjwz9jeIRnbjIJ58t\\n9+eal1jlXtGN3GFOBgtvjw37qxBq96CD2/u8sqP2ojrV6wwZgf7F/as3DI9mLWlECgq1xfBSMYw2\\n+duoqpOyt/4FxKFCHhGN+p5cPewx8az01u9RieNDnvQUa69dqAMRnHUjnt1qcclmeJ9zE0LC3k7S\\nQ4IWTAyAR4DYhRn/AHqmWJS4+th2VV3cA7AD+al/p2cjBiibxIOfz/5mu+nbjpHEP7aayi8sXjUL\\nNDhQEU9OreFaVnpN+tj23YNGoPuk7+eKa0mOytXVghkfl7VbrxTXecEKpGDv0rk+V8jDz4cZ9PJ+\\nF8XzfF8vPO/bz8LSpzbNMmf6pgy9DV89mITjYnwNLPGeE7dK8HKar6rHKWbjxdqPqsf6j+ZrRsNQ\\nvbCHsYDHwZJHEu+9IWwwjDuY/nTSivUl06emmuv6h1WI/A/vVp9IL5scUcZwOuayxtRiryqcYfOv\\n3XW2j+8ag+kE/W1X7/8AtSJG1QVpyqcMfw6del62o+//ALUB1x/8t/5UnihI3q88jhj+G21x/wDL\\nn71CdcPWBvnSZUUBWr7Mk9eJ36dAO9u+POi+noxzhk/Cs0qKEir7ck9WLUGvwZ3jlHwFGNetevGP\\nNaxCtCVFPbkerFvjXLM/4hH9poxrVj/3x8jXmiooCop7anpxerXVrI8rhPnVg1K1IyLiPH9QrxxU\\nd1CQO6nsp6Y9sL+2PK4jP94qfW4f+8n3hXhiAK7B6Zp7T0T9e8trllccWCPKtY3AK+ySM+NZfqjr\\nyINXJ2irhlNeZhnNad7yeO3sw7kHI3qpyzg8RFVs5zXZyK48723hj08hCAJpI+vGSKZANK3sDwX0\\niMv2iQfCoDv4/OvQl3NurZqngD1qwDuFeeTRtemla7tr+MxSElY3kbYZpj1L0mQ7NbN/TKR+daZb\\nJFDWLJF6UhsiCMjuWVT+YoYp9ft7mL1234IXbhLcSnf4CmhuYPdQspoBcSdSPlXG4fuX5VFcRVZF\\nT6wT9lagzZ+wPnQCRVZ51YXB+z+NQSvcabFLUDGr24e41WVXxpsUmhNWlB30BTxqCpqE1d2ZPUUB\\njPhVVURk17i0gtIrOBGtrdmWNQx9nc43/GvEmJu6p7J+41nKbWXT6PRLXY8K4CvOj0LAOitzFLXb\\npaQNM52HTvp1hgZPKvKavf8Ars/Ch+qT3fE99bx8dzy04885hiy9c1Ce+CqgERXkyjesiNNVI21A\\nD+pR+1ak0XFSN0620LSOdgPnXoY4yTUdC5W3dbWm3yWenxQXEgkkQHLKee+adGqWxGSGHwrw1rNL\\nxCd14yzYVSa2Tq9q9qezWVZlUew0WzN3ZB2qdq9AdRtce+R8KzNbv0FmslsnbSJIGCcs9P1rJubu\\neCzhubiNI0nbhTDZPyqYpYkDLdXKwuMYUqxzz6gVbyn2kss6CNfuh71h/wCf+1T/AOomxl7GQeRz\\nSct1M1v6wts4i6uRt866zuYrxmXtoYxgFTI2A2/IUu/wll+jZ9JIVPtW0w+Arh6T2WcNHMv9tZ0t\\nzGLiSHgVzGSCU3Bx1B7qm3jiu5QiJHuDgsQBsMnf4VBqD0k0/G7uPNDUj0j007duR5oazLoJZTm2\\nmjCOoBK8+YyPwNUoYp5FjjiLMxAUAczRW4Nd01h/7pB50Q1fT2O13F96sK5torfC3Fu0TnOOJcZH\\nKl2trYAMUIDDKkjnToeoGoWbe7cxHycVPrELYxIhz415X1K2ABKkA8iaJdNtGBJbHdjrTcO3qeND\\nyINcMHqK8n9GoN1dh5E0Xq0q+7dSj+803FeoJqe18BXlwl4p9m+lx/XU/wDXf52T5ip0j7PNcxQA\\nGWQIDsMmq1v7U8rmP7wryFxrAvXDTTqSBgDGBQBlk9x1byNdfH4/XddrPz2XqPRa1qa9l6tA4YuP\\nbYHOB3VgAZFSENHjFdnHCYzUdXLK5XdUuOlee1VhdXy2qbrGcv51taneCytGmI9rkg7zWJpkYXiu\\nZzksck1pDZtI0e3hSIys+5j4uHK92e80lJDaS3RaGJ0Q/ZZ8kfHate80m/uoFuI2iiLKW7OdgrqN\\n+jAbbV59ZblcgdmD38NIiRc20OoOjW3bdiAVLOfZbyqy6lMtgLmXtY5pZj2ScJCcHUgnnuenjVdp\\nZmKORmIkllfjYsNj4UUrXU1vEriN4YeJEVW2TfJHzNa0FJJWFswld+y6qDzp2ystPu7yG09dW2hk\\nBYySqMLty/Dvqm+0jUHs4pHs5ILaUj611IUjnsaus7iTSb1bqC1S4dCeHjJwAQByHxpexTqFsdJv\\n5raw1JbiMqAZYhgNnpzpNRFHE0bSAPjiOR4mrJ5ZpbmSWSBg7sWIAwAc5O1UrbyzySzFCq8IABp9\\njQtbHUYdNn1iCS37GNuybtCCx3HIHzpGKWXtWnLYkLcQKnGD3ju3pt9QsI9MnsRYlpml4kuWO6jb\\nbGP+ZrOFzEARvv4VfuaNTezivey3Fu8rC9KELHE8hbO+w8qLV4tUju1gv4jA8UYVY+PIC9ANztzq\\ni1CxW4klcxcKg5A3yCOXjWjqGo6Rd6nbyrdXk0AVRM1wwMnPfHw5VP60am9k7jUr+e39UZpJLcEE\\nAgHGBgb+VSWSW0jS2sZxcRsO1lO67n8P9qu1eXSlvoho8skkBC57Q+1kjJ+XL4U16PXbWczJJqQs\\nY3DKxZA4YjkCD4HnQs2Qj1aa0tzbtDDKGVgS0QJBPUHvqq0mtDBKbmWZZAPqgF2PnTllaQX2qNBJ\\nfwwRkt9e49lvLz8cUtecUJlgSUERvniU5DAeVJNFm4i2vo4GZ7i3SVGCleJmU464x1peS7DyMyEI\\npJIUHIA7t63ILGe+0MyqbQR2/tcJwspHPPiN+vdtWZ2K/wAo+VODX2+iXvofbPJLOt08SkluHhBC\\n0tbafHaRcCkserEYzW5eyszGLiyo5+JpBxiuDw45THdcvmyluoW4cHFQwGMYq4isrXr/ANRsSEP1\\n0vsp4d5rlddh6pO2paoIYzmKE8Pmepq65VIbfsyxQ4GCRse/fvqNKtRDB2z8yM1oW95aKjreWPrH\\nE2QRIVwO7lRomvpdqSyA/SEbYxkGMAH8BSl5qH0jevdzSQh5MZCnA2GK05o/R6RmxbXKZzg5U+W2\\n351TdWXo2YH9VW77bbgEirjxzg1ZUZz3kEELSGRTwjOAdzSWnxzPYAkZknZpmHeM8/xFa1rYaeJA\\nZo8Jg5KpxHONtiR1pWW+tLmKZGgHFA5jBG2eQwO7fb5VrdDL6pfT2XqczKY/YBPZqGIUYUFgMkAd\\n/cKQ1CTsdOlKn2jgDfvIptNB7bRpNRW6iUqci3EwMhTOC3DnI3x+J7soRafG7qzs7hTkBm2zVmxd\\na39zZXy3SASFMAiQZVsghgfMNg05qGtzapEkckEEWDxOYk4eMgYXPgBsBWbdLDPGWinZct7SqftD\\n2d/lRN6O6omkrqgkxascB+Id+MYz3jlTYCeUxNGq4+sJB2ztTuiXljZXDSX1mtwjxsi5UNwnj54P\\ngCPjWVDaTGVXmlL8GeH41NzHdrwJGU4Rkr37nP61aG5uzmnkZV+rZyVBXG2e7pS1x2K8cYgQuE4w\\nx6+H4US2erwxR3NzaTJauPZm7M4PkeRoEjlmuXkfZOHgXIwSO/FNy9K2tEtvR42jnUGliuWP1bIP\\nZA4cgnbv2+NZUtuk7ZkGaUe4uIBHF6sSUXBYH3vGo+k5F961ek4otks7ZNwpGCAd+Va9vpGnw6RJ\\ncpdubjIRoXQb5zyOeXPfFZSSPdxSssTKOEY4hzO/+1S2r28RVGWTIUcRI643p/yJfTnY5W4dem3d\\nUfR0/S+f5Ua6zZnmzD+2p+kbVtxLsfA1dYK+pum9UstNuNqoYVxlKyEKCTsBua8XcznWNXMg3iQ8\\nKeQ6/Gtv0qv/AFe1FpE2JZ9jjovWsqwtuwtuMjBasn12auDJHEi26I4B9tScEjHTxzWdNeTI2Po5\\nwO8Sg/pXptCjuBDJcRxwyRSOsTZjMjJ1yQCAF7yaz9R1LKS2j2dmrBv4kCjv6HfaiRhm/Q+/b3Cn\\nwQH9aD12HniUeaVc7b5qvIPSkoiTVLeGAuvE7Y2XhO5rPtoWitIVnPAZnaRy+e4kfHOK1V7s0TJ2\\ny8LgEeNalGfHNAP8VPvUwLy3iQsZF2HfSnBYyRXLGEhrdmBxybA2x45z+FPWPo5bXtnLdySNBDG5\\nHauh7M+GQck+ABxzO1a50ZFiJDawYBJYuzeXC2/5VprqF49oLRruVoAABEZDw7b8qoeFHj7MDhAG\\nBjpSn0YmWVbgq4weDO5Bzv8Ah+IpsaSYFZdo5MMHXMjD8Go7XR7u9dhaSPIyLx8I94gHoOZ79um/\\nIUwbJ7EiD2oZ7dsjPNW8fHely2NE65dNZeqlIxmEQGQA8RjByF545gb4zSSVneraiCeCUN1rh9JK\\nThlOPDlU5RTguXlKdo2Qk3CfLcD9K2X1WM6LHpyafbK6gh7goDI3tZGD07qwUtZRbScbDtHfjAH5\\nfhVbaheiV2a0XBJwB0q7n9o0l2qubs2BIgTiVlB25jakPpadfetG+f8AtV9vLNeiUmIxgoACe/er\\nuVXpbTTfRy4sCLhkgn4WPG0bNk/Z4eHbGOeetZQtIVGFjQAcvZpEa1DAkcUsUnGq4YjGM/8A5ijG\\nu2eN+P7tJxR9bcbUtcSJBC8srBURSzE9AKbfYV4/0y1ThRdNibd8NLju6D9a4hih5Nb1hrhwQrN7\\nI/lXoKfvpJIVXs4O1TdWAbDL3Ef860OlQGCz4wMySnhUU1byaezuLvtCOIKhQZHDvk8xvyxz60lW\\nvPvqTRy8L2kyr3r7VDJqluTngnH9SY/WvQzWtg8YNqZCxY5D9BgfPfI+HjtUtlE5wU3qDAOoWjD+\\nLjzBqVu7c8pk+dXNPC2oXVsYg0cTAK/cQPaB+JH40dnpUWphmjjgVQFI7QYyW5Ly589vA1ZLbqM2\\nzGbqkXduOc8f3hUtqFskZbtkOBnGedTPpMEMpjltoywAOxyMEZG48Kqk03TFMayQCMyyBFbjIGT3\\n7/jV3rpZ33GfYRyNZowGZJ5ePfrj2j+Cmm4Z5YT9XKyHl7JxTVxBberrEMpwboU+ydx+9ZTaY+cx\\n3MgqbU+hHWlQxfVpcHaOMD571WunXhOFvCPOn7bS2t0eWSbtZJdi45YAq8gOn31zpwjktJOykaFB\\nxqBxLlQdjzHw6ZHWulla4neZwoZzkhFCjPgBsPhSFymoo4AZHVFVFI7gMD8KpE+opziB+FWWIdvX\\naJIXQkHtQNu47H86tsLn1a9eQRpIUlSXhkGVbHQjqKzu0vbspG8HCFcMW8jV88zWcsr9gZBLGqg5\\n90g5/Km4N3WNWXVGR8XXEpJzPcCXAONh7IIHxP75wrMGroPfhcUa6zbdVcfCnRs8svaTQMVADOQw\\nA265/I1vW50g6e7zxsl1CjKsa54ZieTE9CuckcjgeNeZjnV7d5U4uBJM5A3I+1j4E002q2LSbXC5\\nIBOxGCRkj4GrBY0EbHLRqT4iu9VtjzhXP9NQLy1blcR/eFGJYSP4yfeFLpX0vUr2Ows5LmU+zGM4\\n7z0FfOoEm1fVDJIeJ5XyTWz6aan292unxNlIjxPjq3d8P1q70ZsOxtnvJBgn2V7/AB/D8/CuOrE3\\naJGrxow+rUKBncA53x44akFQDY71p6ho9tdz+sMZI5eEKXjbBIHIfjWRNpNwm0eo3X9xB/SiG0yD\\nsMUVxcJYWU105yIlLYJ59w+dZZt9Ui2XUVI/1Qj96Q1C11W+i7Ca7Qwn3gq4zRCOmxs9q802We7k\\nPFk4JXctv5A08CxcsSSSck1L20kKQG3RHWJGUo22c4wQe8YpY3d0nOwbI/lcGorTh351n67KRcWd\\numMsSxyM7f8AM1SdYmjO9lKD5VXG0upasty8TKiJwjINUNcXHIx4twQhXyGQf/M/KveejnoZYajo\\n9td3L3PHOzA9myhVAJHUE9K+dzX9vbFYnV1lUvx7c/bYg/dI+VX2vpDFburRXLxMvJlyCPjV0PSe\\nkGmW+lazPZ2zO0cXDguQTuoPQeNeXguXOn3wV2wHcqc8jjpTc2uw3TtJLd9rK/NnYkk+JNZVtto7\\nnO8j7/EgUHoNPvNOsJZorzTvWhxgZ7Th4VU5wNjzxv4bDG9KXUtvNclraLsoyq+zvscDPMnrmlrp\\n1N7OA6n6xt1ORzqEO/OoLnnW1j7ZlDKpGRnGaF3ElwUOyiHjAxzPEB+Wap1Fs6fL5UaIX1CEDrBI\\nfkAf0qld2aHmoqOwiPONT8KPO9cDQWLgLw4GO6lTpdq5JMeM91MZogavQTOjWrfzD4130Hbfzt86\\neBos06RdZRNe3nHMxYu2WJ617iBzb2iwmJ2SMtwsgzsSTjHPbOP+beaTS7zSZ+GeFsL9tRlT8a1o\\ntXjVApbcVhbTTzpLySZR/qhcfmKzJrq2WTgM8YPcWANO/SqH7VQdRQn3hQZE8qH3SCPA0k8g3rcn\\nktZj9bFG/wDUoNJyxWTDHq8YH+lcflQZXHtU8AYU76lY9EZT4SN+9R6lb/ZlkHxB/SoEuzXuo0Kq\\nMY5VcbFsngufvJn9qBrOYf4sbfAj96aFEsUUu7IreYzSzadaON7eP7opo290OkR8nP7UJFwuxt2P\\nkw/egQfSLIkfUAfGrHt4+x7ILhMYwKudnHvQyDyXP5ULP7I9hxnvU0GM+jxliVkcE7865dHmHuXT\\nitQSRcWONQe4mrAykZDA+RpujKTSrk5WS7LRtswxzp25gmHZy20vZzRhgD0IIwRTGRXE03RikarG\\nM4V/lUet6invWwPkK2SM1JjXAIOSee3KmxjDU7lfetW/GiGscPv27D41q9mO6oMS/wAopsZ41mDO\\nCjj4VZ9MW3e/ypk20Tc0U/Co9Rtv+yn3abH1lzmlZkSQYdFYdxGaYY7UtI1UIy2Nof8A40XwUClZ\\nNLtichCPJjT8hql2HfUGbLpkWfZkkX45pKWwdfduDt3itiU7UlKcmgy3guEP8VW+FCHuFOygjzp1\\nxk1S2VNXYqNxMBvG1CLtuqsPhVpbi86Crs0gXQzufnXGdT9oVLYNVOi9wpuJofGCdjmu46qKL3b0\\nPBg7Ej41dw0tJz3VW0UbbmJT5rQlT0Y12W/mNNw0j1eA/wCGB5bULWkJ5cY/vNFxMOoru0buFXoB\\n6oOk0g+I/au9XcD2Zj8VBo+07xRdquAMHNNQUmCfGe0Q/wBuP1qOzn5YjP8AcR+lXCRc0QdT9oU4\\nmyxWZf8ABz5MK7Mn+Xf5r+9NDB6ii+VZ4G30GRqVkbeieSlnfesqGV6WZ9+dFI+aXLGgJm9nFLvj\\nnRM+1VE5FUVsKXlyKYcgb0vJUFIJzUk1xNCTQSSO+gPOpyOlQTQCaGiNDQQfKoqakioArjUnbegd\\nbgbrEGHT2sE1RJqMZ+FcTMqcRtzt3EH8KATknBhkG2d0NRRcq6hNzEp9o8PntResQkAAj50Eii+d\\nD2kfQ/jXdqg61do9zK46UrI/OueQb5pV5c8jVRYzeNUM3jQvIeHFVF+e4+dRRs1BxEUJkzQM2/Og\\nJjnaqXI6UTNVTuKCticUAbfNc7E4xyoM9KCSetdxUBbnUZqCznUGhBos7VRBqM9K7bFDmorm5Gr0\\nP1UZJz7AP4Uud81bGfqU/pFEHmuzQ5qM0BE9DQOqycIdFYKMLkZxUk1woAaCJiCY1GOWBigNpATn\\nhP3jVpqKg32mJUmqWkGN6q7TYiqy+3Otg2kyarZ+7pVLSkGuL586gtLeFA0njQce1AxG+9UWF8jN\\nVFuJt64HbkarPLIqAsjFDxCoztzoGNBPFhuWagtkk4wO6oY7UGags4vlU8W9VcW9SKC4tk52oScV\\nANdQcTVkZ+oTyqot3HpVkJ+oX4/nQFk1Gd644rqDqnNDmp6UHGu+VdU5oG2bIqtpNsVBbC7Eb1UW\\n9rvqiSc71Gd81BbkMUJNQWk7VDHlVfFUM29UWZzVbGu4sjNASaAuIgZqtjg1PFkYoDQdnxqM70J5\\n12agLODRA91V/GiBoLRXUINSTvQQc1ZCfqF+P51WcEUcP8EeZoLKiurqg7zrs4qK6qOzU/GortvH\\n50Bltt9qDOTUmgHOqkSTXBqhvdrh7pqKmhJ3rupqOhqxXZFCx8aL7NAeQojs9xoSRUHkag9Kgknf\\nOK5cE4JwDzNCetDUBtgOQDkd/fXBqH7VSaC0H5VOarFFVBHuo4do8dMmg60UP8M+ZoLTUVxqOlBO\\nd66oPKuFBNdg91Qaig//2Q==\\n\",\n\t\t\"fileName\": \"1577450424267.jpg\"\n\t}, {\n\t\t\"base64String\": \"/9j/4AAQSkZJRgABAQAAAQABAAD/2wBDAAoHBwgHBgoICAgLCgoLDhgQDg0NDh0VFhEYIx8lJCIf\\nIiEmKzcvJik0KSEiMEExNDk7Pj4+JS5ESUM8SDc9Pjv/2wBDAQoLCw4NDhwQEBw7KCIoOzs7Ozs7\\nOzs7Ozs7Ozs7Ozs7Ozs7Ozs7Ozs7Ozs7Ozs7Ozs7Ozs7Ozs7Ozs7Ozs7Ozv/wAARCAD6ALsDASIA\\nAhEBAxEB/8QAHAAAAgMBAQEBAAAAAAAAAAAAAgMBBAUABgcI/8QAQBAAAQQBAwIDBgQDBgYBBQAA\\nAQACAxEEBRIhMUETUWEGIjJxgZEUobHRFSNCM1JicsHwFkNTguHxJGODkrLC/8QAGQEBAQEBAQEA\\nAAAAAAAAAAAAAAECAwUE/8QAHBEBAQEAAwEBAQAAAAAAAAAAAAERAhIhAzFB/9oADAMBAAIRAxEA\\nPwD6RQUEI9oXbfVeNj1NAAi8Jjhy0KdtJjWmlZE5VUkxebZ9koxub1C0KKzdb1Jmm4TnmjK7hjfM\\nq5bcjPaSesn2hlwHYT4sidrJG8toWQfkF87/AI/jRPLJIpRtPUNsLTz5HzBz3uJc42T5rKMMV25g\\nPzC9L5cOkzXw/Tn2urWPrGBlZuLDC8ue+ZvBYfP1XrZIYJRT4In/AOZgK8UJsTGkbN4DGuabDhwQ\\nVo4+vZGQ6ot1eoXRiNebR9Ml/tNPxz8mUqM3svosln8FtP8AheQj/ieSz4mhyh2sV8UfPopsGbk+\\nyelxxPkZJkx7Wk0HWrWEwR4ULTdhgu1OXqbZsOVjG++5hDfK6Xm2Z+sQgAljq45CD1BAQklvRxHy\\nK86Nd1Bn9piNf/lKYPaSuJMWRvnSYNzxHj+on5qDI4jqPssdntHhH497Pm1OZrWBIeMho/zcJgv7\\njfICE7T1BSmZUEgtkzHfJyPe09CEAOaw9z9kp8Q7OCcSEBCCs6I11SjG6+iskWeiGlB9r48l3Hkk\\nxZ2HO3dFkxPHo8ImTwSi4543j/C4FeblehplNTWAUvM5vtSzHy3RQwiVjeC7dVn0RRe2OIK8THlb\\n8qK6T5c/3HO/Th+a9BkzRYsD5pXbWMFkr51quoy6lmvmeSG9GN/uhaHtBr41PbFjlzYByb4LisTq\\nLX0/L5dfb+vm+v07eT8V5mbgqEzQO1LSl4asnVsgY2NY+N/DQu7kxcuU5WWIo/hZxfmVax8uXDyA\\n+MB8cRBcwu27/PlM0jCY6zKOvN+QVmEY4bNPPgOlxN3hteH7dp+3Kqpy9cGVj3j4zoZyeffDmgfq\\nl5pycDDx5smWInI4AabIVBmNA95IYW3056IIn4DMt/jslkMRBbzYPmrky+M+7PWljOYwuGVkMhO3\\nc2759EjKzWNyJIY/5uz+pnIKCR51HEy8veyKPHLdrXclxceg+yp4ubk4pcYC1u8U7gG/upx4z+rb\\nc8ObmsPLm0b8lamx5Io/Flgc1paDuI7HosxuHNNIcmT3w53vBpTXx6xJgP2syn4rjbjRINevos41\\nrnR48otJOBC/o6vok+PjNwgxkcgyQbLieD6UrePmvw2mR0MLy4bS146eo9VbMSXSv4bCB1IPmDSD\\n8HKz+yyZW+gcrL8kahnHwBFhs28Ne/gV6lVpXugmMbpmvI5tnITOWabNwTX6lHwzLcfRwtd/FdTi\\n+Ixv+YVtrIBimeLU4hLHHudG4Frt390eaq43j5kuyNgJIJtzg0cCzyeE9UbNfyW/2mKHf5Si/wCI\\nh3xX/dVmF08jY2wF73Gg1rbJRnEmBr8JKP8AsKmj7DN7ERUfw+bKzyDmg/pSwtS0fUdExzlZAjfC\\nCB/LeeL9Cvotqvn4UOo4cmLkNuKQUQDRXwcftyl9r7uXz418vbqsDvjDmp7JGTi43Et81s6t7F6Z\\niYzpWZMzHdGNJBsrPZjMgjDGDhq+758+818X14dLhQjJ+S48A3wmHrS4gVa6OStKaaSegXlciU6j\\nqFi9jTTf3Wv7Q5vgQfh4jUkvWuwWdgY5ZGHV7x4Cy3GljND9uJjknIl4a0Nu66hZudj52E53j4T2\\nMLqvkAlaGj60zRczIORheKZBt3Hqz5f+1tS69omsYkkOfJksDG7o2uafed26X+asg8V+NdGwkQO3\\nduUrEw9uOZMiw6RxLj1ocq6GC+ie1tjounVFKXNxHaTFhR47GzNlc989e88dgqrS1osuFKzHLBkx\\nSl0DTsfTXX8XkF6LRPZXSNW05skmWWzOLy9rXACEDoXWb5pZV5HCdPI13hk/zCenkvYs1TVdM9jI\\nnjMxix/8tjCy5ADfrX3C86Yo9vhxtADeGuaqjsFwvbkCxVtPVXAoNt190AyS7cwsa4B1Akcq9jaN\\nquVCJsWF0zC8MBaLsnmkH8Olw2tdOwg7ySCCLo80p+qtYmJojtDnnyRlHNBOzY33PTlYzYw0nvYp\\narfaLLg0mfS2Y8bceYmztJcOb4NrJGQwHm/sp4GGNsry9+QA7uC1aGNha3k6VLJjtZJh41h/QEXy\\nfVZrAJHSPaLFil6LS/wkcGbBka6/EtpIhivbIa7kcfRWefiWS/rzkXiQP8UPe14aaMbqIKtx+0mr\\nQxtiZlyBrRQBY0n7kLT0HQItaMrDqMGK5gtrZOr/ADpZU0fhTPja7cGkgOA6p1H6FEEg/wCYUMgk\\njYXOlADRZJWjsCwddzLvFiPA+M+fovI4fO8rkejftk2sPPy5Mybe821vDB5BZ8goq0WlKczm16nG\\nTjMjzuVvK7VctF9EueRkULpHmmtFkqy5thea9ps29uDEeTzJR7eSqMjdLqmouncLaTwPILZjxRky\\nR4LQ3fMQ0bjQ59UjTsYY+P4juBV2VEzXeK7xBTr6HsounZ3shrjCZIWOlj7ObyFky4GrYxqTHd36\\ns8uq1IdRzsVgZBlzRtu6a8gWrEPtLqsJ4yA+r+NjXdTZ5I81YjzpnzI+X4vHoFD8zMlhcyLEcHuB\\nAPK9FqOuT6pFHFPDAwRkkGNlE2gwcmHHe98uMycFha1riQGkjg8eS1tGHFhOwcOGOcOaCSZHAXRr\\nj80qOeEdJAro1bxIslkjA5kTiA4nrx0Wh7P+zEGvyOdk5ONiMvYxrnDfI+ujR5cjlNVlRyRmqe0/\\nVUy4vycmQEbW00EfJOn0iOHIkhc0tfG4tdR7jhWIsWBkPgABgdZsnqeq16H6drepaF4keHL4QkLd\\nwLb6fog1bWMrW8sZGVsbtG1kcYprB6D81mZMGSZS9s5eSe6CfH1XDrxsdzL6b2EWpsDZZTCWNaGn\\nfYNi1Z0aPTX6lAdVFYniHxaB6Vx0560s+MZE8jHSsDGsv6qX5MePFse12/eT6Uro2tei0yPNaNJ2\\n+AW37rr/APSxTgxPdbnFtnl19ELc2E9yPonGWN0T/eHTur4qq7F2yBkWQ+zZC2ofYv2gnhZK2MFr\\n2hzSZGCwendZcY3TQ1Zc7gAd1tt9pdZgY2FmozMbG0Na0GgAOKTrEfdNSyhiQHb8buG/uvKy82Ty\\nTzZ7rUzZXZErnk/IeQWfIxfN8vnOEb53VGRtJBbyrb20aSXN54C6ObN1DJZg4sk7+jR08yvF4wfm\\n5jsiY2XO3FaftTqByMxuFE62RG313KHGxxjYgJ+J3Ki/kWmwu1CsCKIyGYbAxpon6qtl6DrONJta\\ncppDbALd4q6+RV7RIoJcqWSXPdiSRMLo9rwzxD/d3k0CVq6trGo6WyCTG1I/zG/zMd8rZXxuodXV\\nyCPztNJHiXP1GIlrvClP+JtEfZD+KnaPfxL9WuV/NzJM7Llypa8SZ5e6ullVrU0J/iDGfHDMP+1T\\nNrOPHA7YH+JtO0FvdOA5BCYBZG4B1eYta2jMxcdzcXHgeQ18z9zt3Hr/AKUnx0HWHcg9QVcnjbks\\n2PaPmOKWd/Btzn+DMQYwCRfPPT9CrLgusAVTUXbsrGiHmXFJGHmRu2RTlzrrbzdooMOcTeNkvtzR\\ntAW++h+FknFzI8naXGKcPoGr21+y3PaP2l/4hZAPwphMRJc50peXE/QALzM+Q/HY2PwN20klwvmz\\naU3VIx8cbgVNgvhgVaSRk8Qd4TbB2+ffqoGp45HUj5hIgP8A8Nh6bpP9Vq2D1GieyGn6vp0uQ/8A\\nEGUTiJseOwOLRXxEda5WNqulDD1CTCfknIZju2gtfYK6UGOVzNwsHna4Efkh6qdd9UqTFMzQIfce\\nzlpHZUHYWcHEeKfutGZxawEGqIVeZhdK4knlSxX3qRqpyA3SvvbwqsraWEUZG2snWs9umadJOa3n\\n3WA93LZlNFfOfafUzqOpGKNxMUB2j1PcqGKum47svMMkhJs7nE91pZ0kzAx+O1jyx3vMI6tojj1Q\\n4kRx8FtNJkl6AdaVzCZpkk07dQyHsETQI2tdtEjr594Nd9OES+vPzagIiC/Fka09Td19FA1TDkG3\\nxHNr+839rXqs3QtPijmlx9Whmaxge1gouJJquOPM+dC6FrFdp8UgqRg+otQURPA8WJo/qa/VF631\\nU5ulYmNAZpWNEbastsEfZIyNEjheds7oyDXuuvn5p4HgeqY0LN/A5gdbM0u9HWuEOuM5Do5B5WP/\\nAArsGu0DqsmCbdqWXkf0x+6D8lz8jWYAPFwdwPdg3foSuiwpcfSJDKKfIbf6WeT9k1Wp7P5eLgaj\\nj5GcctrGM3E4r9r9zuTz5cm+R81d9pNYbrGYySOZ0kTG01roRGWel7nF3TqSSsDIzcP8VII5gWbj\\ntJFcImSsf8L2u+RVgMsBHICRI6CXE8UQ0R7pBN2bpPkeGxPd5NJVLGY46fA0dXvH6qjW0f2T/jc2\\nRFieGcmFu9sThXiC+eegrjqqudhNxJpMRz45TGdpdEbbY8j6J8WoZmE57MbKmhaXhxax5AJHQkd6\\nS8vKmzsl+TkODpZDbnBobZ+Q4VwYrtLfuJjlIJKh2NqMJoSE15labyWROcDRAsJDnum/DvkJdbg5\\nwvqmYKkbdQl9x4FXyTxSvOiJPdem0d2lHBmZLDinO8W2nLLgx0fkCDQN9ysPNaxubKI/D2hxrw3E\\nt+hPKo+3yCgqM5PPFK9L0VDJe0NcXGgOSVgea9p9W/h+A5kbqnmtrPQdyvFaTguzcxkfny4+Q7pm\\nu6kdU1WSVp/ltO2Menn9VvaFgnF00zvFOnFNsf09/wDfzU/VIyPddJK33dg2x/Pt9hz86VCOPinB\\nWs3F1KOeWSExzwPcHNhkcQWGgDX281muzp4aGRpuQ03yWU4fYX+qYi/GwMN2nj338BZjNa0/xNj5\\nHwn/AOqwj91bj1bTwwyfio9rfPj7KIz/AGnygz8JhNYHuleHuYehaOxr/fCSLbIGAnbDHzz/AFO4\\nH5bvyVRsp1T2hnyyLji91l9q/wB/mrcY3QNmP/PcZBxzV7Wj7NB+pUXGpj52EYIoJ8QBjGi3xgb3\\nHdZJNeV0PQKsBbvd4F8JDW+SsRjstXleX6zOE47iJcp2KYt250bnje0c8dzXoLTZclgpgaXgtLvQ\\nAUP9QsnWX+LqOJjDt7xVlpLmzO7NLYx+bj//ACstK82n4eQ4kQbL5900qz9DiPLJHt/Ne89i/ZPH\\n9omZkmVNNCyAM2mNt2Tf7LQ9ovYbF0PRzntz3vO5rWxvi2kk/Xji+yuD5vDoGRIaGfTDwW9yPlau\\nZOI/GhiGLQdA4OaHc3SLPmdiMjlY6nCRtcXfPT5Kcud02ZBGCWtdue4DvQ6fdUYcufnNlc6bHskk\\nn3f2XM1hl1JCW/Ir2GnaDg6jiB8msQQZBNmJ4+FlHmz1NjoOg+yyNV0r+HahNhTbJHxO2uLQaPys\\nBO1GS7U8eSJ4stJaeCFz3luLju6WR+itMwMUOB8Ftn04R5+MwROZKQwDuTVFXQyUtEhDXNdX90gh\\nKWS7TZmndHKbPfpaHwdSHAmP/wCS13MfoyXovG+3GqnD08YkZqXJ4Ndm9/2Xq5X8L557fwTHUMTI\\nomIsLL7B13/v5LFRg6ZhnInBqw2z0u17zIZGQ1sLgYmABlHqOx+q8toZbG8eZXpPweO5hMcksLnc\\n2x/T5A2PyWYtqtMQQWjqqErAT0rzWnJhS7h4eYC0dRJHZP1BFfZUJcPPZueYopKPAjk5d9wAPuqi\\njNECC0tBHqFmzaXhSkg40bfVo2/otLIbktrfiTtc7mg3eB9W2FRdkN3lgeNw4IvkKKXBiQ4zTHGw\\nBp6gKjNp+VG1jMbMIijFMY8WGi7WjvB9Sib7xTVYhdrEHSOOUeh/9Lm6xlxOAmxC0X8RBAH5Fbnh\\nhd4be4CajGw9+oaq/Lcwhm0NbasjLxo4Nr5mtlM8hc13FcgD8gFrRtZXAAVLN0rEy5DJJENx6ubw\\nmqfp2s5OEXOwM6SEvrcYZCL+ddVsal7W6rrGA3Dz52SsbIJA7YGusAjt8yvHSezUXWKeRh9aKUdK\\n1SC/BzS4DzJH7q7EXNXeZJMaPrulBTDzqVDpHA8/fhUsfEz3ZEUuW5p8Ky2u9osvMdgZUkxh8Rss\\nXhj0N2gfvoUoBvqs9mr45+MOYfUKxHnYzxYmb9TSosvNRuPN12VLJkL9OiLjdlt2rDntfE4tcCK6\\nqlPf8JjPltUGlP8A2zvukqxmgCc10LQfyCq2qPtckgJtZ+fBBnY7sfJjD43dQe3yTnSWCL6FVpH+\\n92CiPPv9nZMZ+7DyA4Xw2Tgj6j9kLnaljXvgLmjuwg/+Vuud7qS9wq/1UMYp1YsIbK10Z7hwr9Ux\\nuqMd/UPnaty7Sex+apz4GNIbMDbPUgUfuhhhzmHuEqeeKdmyRrXtPVrxYKrSabGKMcsrPk6/1VZ+\\nJkxm2zMf6EUroc7BwJOuO1gH/TJZ+lIDpUQsx5UrSegdTgPyB/NVTJlxH3odw82m0Tc7affBZXm0\\nhXAx+Bksrw3xSj/Fbf3SzFksBL8V9Du0h35Xf5KzHmNeOHA/Ipn4gXVp1NZjslkY/mExX/1AW/qj\\nErXNtrgQfIrQ8cEKu7FxZXFzoIy4/wBQbR+6mLpLSKtA71Ru0+ECopZo/k/d/wDtaU/FmbezIaR2\\n3s5+4P8AoplAmuwSJ4x04ITmx5bLJawcGtj+T6cgJLy9ot8Ug/7b/S0wU5MGCX4oWH1pIdouK4cN\\nLT6OV9ssTjQe2/K+UZFKDKbobWuts72t6FWcjDD8IwsO2gNqtEoXUgxZcnUo3XK3xAAAOL4S/wCK\\nPHBgN/VbDhaWYmk2ro+rOlJqgPolE7nD/RATx1PHZBvAH/hUE91cd1Xe/wAlz5AbspLpNvFqCXOr\\nm+Upz9xoGkuaXcD/AKJBm5u6sIh7n0PMKrK6+elIvFdRB+fRIlN890UtzjXVIeL69E4g9ClkUPmo\\nAEMbuS0fZAYQPhe5v1RONc2u3bhfdXaBaZmGg4O+YRiaRvxR38iuBpSSr2qYk5TTwQWmvIqPFa4c\\nGz80DqqrSyxp6q9lw8koSSRRVctr4SRXqo3SV8V/NXtEw17Wvbte1rh5EWkHGgqms2DyYS39EQle\\nOoHzXOnBHLaruAngQcY9WTuHkHAEfv8AmlyQ5LDwYn/dtfqrO9vmuPPdOsFFxlb8UD/m2iP3/JAZ\\nW38Eo/8AtO/ZXzY6IKU6rr3L5STdikp0/PHdIMo2g36XSQ6Wwea+izoeZRdg/ZKdLZIHX0VcyWPd\\nNnv6JZkN8k36IHSTF5JJHNnp0St99uEBffPW0tzxRvyQPL+wPCWX2eeqVuPZCHckeagaXIHurhdu\\nvqlOeex4QA6yeihpK5xpRuRR7h3RFwF0bF8WEq+FwNdVAZKFxruou/khJCDtyElchtBxKA9URQlU\\nCeUJFIihKqIL3j+o0oM7r7KDwUKu0x6Iz9xdfNLM/HXoqgmogjgnhd4vH++VkWg804joBZSzKBwO\\nCkOfdAHp2Ql4v5qi06UeYI7IHSAnhVnP6jlS19d0U4n1XXXKTv8AIrt9coHeIfkoc6+UvxPJR4hB\\n7cIJc7yQF30UE8JZdZUDQ/hQXG+qXYHRdu46oHbxVqC7hK3BSHcoD7qCVF30QkogrUFCTQ6KLtFc\\n4gBBLFkNc4ta1wHQbuf0XPPBVl9g0fJUUx4tEugf9Of0SfxcI6uH1Kvl3qgtQMa/3geOPNcX89Ug\\nFSXWeFUOLueq7ca5Sd3rz5Lr6+Xmij3Hldv+aVuK7d0QPDuAaUF6VvK4u5RDQ8/NQX31Sg6rFhcS\\nR6+qBl2OtqLS958126+6gMnhQCTwEG4rtxBu6pUM/JduStxXBx80U8P4UbvNK3dkW621wiCJUE0e\\nFFqLRUPNtKsl3CqPI2lWHFBBPKG1xKHcVB24VVod3ZLJU7hXVAdkC+xUF/PPVAX9r4UbvRUMvhRu\\nPU9EvdZ4tdurugduUF3CVdGjYUF3HVENBU7krd9VBfyqG7r5tcTwClbvJTuFVaBm/nyXWlbuVIdw\\noo781FobXWgPdaIFLB5RAohl8KEJ6KLRUvIo0nv6qo8+6fkrLjzwgglASbUkobCBRcK4tQXcWgJQ\\n7qUBl3mo3IXnaaNWg31YKocXKN30SC9SHceaoaXLtyVuvhQXlEO3c9V24pO7rza7cPqgcHqd3dI3\\ndkQcRXKBthcHJYKkFA3dfZdaEc8d/JdyDR4UUwFEClAkIg5Ay+LUWhtdagh/Qqy48qq88J7jyqOK\\nDhcTwgJ9UFfchLxahAUBF/CEv7dkPmgKoYTzwo3HzQt6lT2RBh9Wh3cqB1XID3cKQ7nql91IQFuI\\nRB3CUpb1QNv1RApQ7IwoGteWkOBog2CFJeXPLjyT3KWExvxj5qibUgoX/GfmuCgZa60PcrioqTRT\\n3FV04qgHFCpchRH/2Q==\\n\",\n\t\t\"fileName\": \"1577450431505.jpg\"\n\t}]\n}"
		},
		{
			"id": "bb9ca5a1-d8e3-24fe-2655-82089994874d",
			"headers": "Authorization: eyJhbGciOiJSUzI1NiIsInR5cCI6IkpXVCIsInRva2VuVHlwZSI6ImFjY2Vzcy10b2tlbiJ9.eyJ1c2VySWQiOjI1NDYsIm1vYmlsZU51bWJlciI6IjgyMzc2NjI1MTEiLCJyb2xlIjoiSUhCIiwiaXNBZG1pbiI6ZmFsc2UsImlhdCI6MTU3NzQ1MTAwMCwiZXhwIjoxNTc3NTM3NDAwfQ.I_8imorLBFhQNX2AHSXfwsWpMJbVvDG3Eg1cZ7y67Bni5w2iGLNp_lZIe-vPVXsLEfJRWpP_beZAPHr5FRGdsQ\n",
			"headerData": [
				{
					"key": "Authorization",
					"value": "eyJhbGciOiJSUzI1NiIsInR5cCI6IkpXVCIsInRva2VuVHlwZSI6ImFjY2Vzcy10b2tlbiJ9.eyJ1c2VySWQiOjI1NDYsIm1vYmlsZU51bWJlciI6IjgyMzc2NjI1MTEiLCJyb2xlIjoiSUhCIiwiaXNBZG1pbiI6ZmFsc2UsImlhdCI6MTU3NzQ1MTAwMCwiZXhwIjoxNTc3NTM3NDAwfQ.I_8imorLBFhQNX2AHSXfwsWpMJbVvDG3Eg1cZ7y67Bni5w2iGLNp_lZIe-vPVXsLEfJRWpP_beZAPHr5FRGdsQ",
					"description": "",
					"enabled": true
				}
			],
			"url": "https://utec-test.sokrati.com/detailedEstimation/getSingleEstimateDetail?jsonQuery=%7B%22estimateId%22%3A1243%7D",
			"queryParams": [
				{
					"key": "jsonQuery",
					"value": "%7B%22estimateId%22%3A1243%7D",
					"equals": true,
					"description": "",
					"enabled": true
				}
			],
			"pathVariables": {},
			"pathVariableData": [],
			"preRequestScript": null,
			"method": "GET",
			"collectionId": "e1bddd82-6f7f-3cc3-b8bd-883e350a12e1",
			"data": null,
			"dataMode": "params",
			"name": "https://utec-test.sokrati.com/detailedEstimation/getSingleEstimateDetail?jsonQuery=%7B%22estimateId%22%3A1243%7D",
			"description": "",
			"descriptionFormat": "html",
			"time": 1577451875403,
			"version": 2,
			"responses": [],
			"tests": null,
			"currentHelper": "normal",
			"helperAttributes": {}
		},
		{
			"id": "e70c707d-7aa2-9992-0901-5ce2a0f31ac9",
			"headers": "Authorization: eyJhbGciOiJSUzI1NiIsInR5cCI6IkpXVCIsInRva2VuVHlwZSI6ImFjY2Vzcy10b2tlbiJ9.eyJ1c2VySWQiOjI1NDYsIm1vYmlsZU51bWJlciI6IjgyMzc2NjI1MTEiLCJyb2xlIjoiSUhCIiwiaXNBZG1pbiI6ZmFsc2UsImlhdCI6MTU3NzQ1MTAwMCwiZXhwIjoxNTc3NTM3NDAwfQ.I_8imorLBFhQNX2AHSXfwsWpMJbVvDG3Eg1cZ7y67Bni5w2iGLNp_lZIe-vPVXsLEfJRWpP_beZAPHr5FRGdsQ\nContent-Type: application/json\n",
			"headerData": [
				{
					"key": "Authorization",
					"value": "eyJhbGciOiJSUzI1NiIsInR5cCI6IkpXVCIsInRva2VuVHlwZSI6ImFjY2Vzcy10b2tlbiJ9.eyJ1c2VySWQiOjI1NDYsIm1vYmlsZU51bWJlciI6IjgyMzc2NjI1MTEiLCJyb2xlIjoiSUhCIiwiaXNBZG1pbiI6ZmFsc2UsImlhdCI6MTU3NzQ1MTAwMCwiZXhwIjoxNTc3NTM3NDAwfQ.I_8imorLBFhQNX2AHSXfwsWpMJbVvDG3Eg1cZ7y67Bni5w2iGLNp_lZIe-vPVXsLEfJRWpP_beZAPHr5FRGdsQ",
					"description": "",
					"enabled": true
				},
				{
					"key": "Content-Type",
					"value": "application/json",
					"description": "",
					"enabled": true
				}
			],
			"url": "https://utec-test.sokrati.com/detailedEstimation/addEstimate",
			"queryParams": [],
			"pathVariables": {},
			"pathVariableData": [],
			"preRequestScript": null,
			"method": "POST",
			"collectionId": "e1bddd82-6f7f-3cc3-b8bd-883e350a12e1",
			"data": [],
			"dataMode": "raw",
			"name": "https://utec-test.sokrati.com/detailedEstimation/addEstimate",
			"description": "",
			"descriptionFormat": "html",
			"time": 1577453012754,
			"version": 2,
			"responses": [],
			"tests": null,
			"currentHelper": "normal",
			"helperAttributes": {},
			"rawModeData": "{\n\t\"appId\": 1,\n\t\"images\": [{\n\t\t\"base64String\": \"/9j/4AAQSkZJRgABAQAAAQABAAD/2wBDAAoHBwgHBgoICAgLCgoLDhgQDg0NDh0VFhEYIx8lJCIf\\nIiEmKzcvJik0KSEiMEExNDk7Pj4+JS5ESUM8SDc9Pjv/2wBDAQoLCw4NDhwQEBw7KCIoOzs7Ozs7\\nOzs7Ozs7Ozs7Ozs7Ozs7Ozs7Ozs7Ozs7Ozs7Ozs7Ozs7Ozs7Ozs7Ozs7Ozv/wAARCAD6ALsDASIA\\nAhEBAxEB/8QAGwAAAgMBAQEAAAAAAAAAAAAAAgQBAwUABgf/xABBEAACAQMCAwQGCAQFAwUAAAAB\\nAgMABBEFIRIxQRNRYXEGFCIygZEVI0KSobHB0TNScoJDVGLh8CRTohY0ROLx/8QAGgEBAQEAAwEA\\nAAAAAAAAAAAAAAECAwQFBv/EACIRAQEAAgICAwADAQAAAAAAAAABAhESIQMTBDFRBUFhIv/aAAwD\\nAQACEQMRAD8AfnnDsW5EnlW5oNwJLQxk+0h/CvNcLOueflW5oPDHFI2faziu587xyeC7eR/GeW35\\nEkbppXURxadcjvib8qs7YVVdMXtZVxzQ/lXzs+309+ngYB9SPjXsfQmzW709Y2k4MFjy5715C2GY\\nfifzNe19BQvYRZAI7R+fxr18Zt52Ul+27eaUltAZBLnfGCOdaMMjCJMzwEKoyAOX41VqwXsUHCMl\\nufX/AJvSuqRiOWMAk+wBv4VvHGajFkx7h5WfI/6m3JA25+HjUo0hCgyQMuwyATvt4/8ANqwDQMTW\\n+Dj9j0REnFk+rsPzzgL+o+NVyQlnjPZ24QMOL2fe93l8yK84WPfUB8GrMP8AT2f49SYATvZ25HU5\\n/wDrVIhfg4TYW79+GA338OvTzrzhlI5Eiha7mGfrX3/1Gnrv6vN6RwTI0Y05H9kZAZduf7CoaLDc\\nf0aq9WbKHAyPHuzXm0vZ0laRZW42GC2cnFEb65ZSpuJSDzBc71fXU5x6MQRIpUac44sZOVY428dq\\nHsIiMmzn3wMo2+4xz4vP51gDUrwHIupfi5oxq17nPrDc842x0/anDL9OeLcAjwz9jeIRnbjIJ58t\\n9+eal1jlXtGN3GFOBgtvjw37qxBq96CD2/u8sqP2ojrV6wwZgf7F/as3DI9mLWlECgq1xfBSMYw2\\n+duoqpOyt/4FxKFCHhGN+p5cPewx8az01u9RieNDnvQUa69dqAMRnHUjnt1qcclmeJ9zE0LC3k7S\\nQ4IWTAyAR4DYhRn/AHqmWJS4+th2VV3cA7AD+al/p2cjBiibxIOfz/5mu+nbjpHEP7aayi8sXjUL\\nNDhQEU9OreFaVnpN+tj23YNGoPuk7+eKa0mOytXVghkfl7VbrxTXecEKpGDv0rk+V8jDz4cZ9PJ+\\nF8XzfF8vPO/bz8LSpzbNMmf6pgy9DV89mITjYnwNLPGeE7dK8HKar6rHKWbjxdqPqsf6j+ZrRsNQ\\nvbCHsYDHwZJHEu+9IWwwjDuY/nTSivUl06emmuv6h1WI/A/vVp9IL5scUcZwOuayxtRiryqcYfOv\\n3XW2j+8ag+kE/W1X7/8AtSJG1QVpyqcMfw6del62o+//ALUB1x/8t/5UnihI3q88jhj+G21x/wDL\\nn71CdcPWBvnSZUUBWr7Mk9eJ36dAO9u+POi+noxzhk/Cs0qKEir7ck9WLUGvwZ3jlHwFGNetevGP\\nNaxCtCVFPbkerFvjXLM/4hH9poxrVj/3x8jXmiooCop7anpxerXVrI8rhPnVg1K1IyLiPH9QrxxU\\nd1CQO6nsp6Y9sL+2PK4jP94qfW4f+8n3hXhiAK7B6Zp7T0T9e8trllccWCPKtY3AK+ySM+NZfqjr\\nyINXJ2irhlNeZhnNad7yeO3sw7kHI3qpyzg8RFVs5zXZyK48723hj08hCAJpI+vGSKZANK3sDwX0\\niMv2iQfCoDv4/OvQl3NurZqngD1qwDuFeeTRtemla7tr+MxSElY3kbYZpj1L0mQ7NbN/TKR+daZb\\nJFDWLJF6UhsiCMjuWVT+YoYp9ft7mL1234IXbhLcSnf4CmhuYPdQspoBcSdSPlXG4fuX5VFcRVZF\\nT6wT9lagzZ+wPnQCRVZ51YXB+z+NQSvcabFLUDGr24e41WVXxpsUmhNWlB30BTxqCpqE1d2ZPUUB\\njPhVVURk17i0gtIrOBGtrdmWNQx9nc43/GvEmJu6p7J+41nKbWXT6PRLXY8K4CvOj0LAOitzFLXb\\npaQNM52HTvp1hgZPKvKavf8Ars/Ch+qT3fE99bx8dzy04885hiy9c1Ce+CqgERXkyjesiNNVI21A\\nD+pR+1ak0XFSN0620LSOdgPnXoY4yTUdC5W3dbWm3yWenxQXEgkkQHLKee+adGqWxGSGHwrw1rNL\\nxCd14yzYVSa2Tq9q9qezWVZlUew0WzN3ZB2qdq9AdRtce+R8KzNbv0FmslsnbSJIGCcs9P1rJubu\\neCzhubiNI0nbhTDZPyqYpYkDLdXKwuMYUqxzz6gVbyn2kss6CNfuh71h/wCf+1T/AOomxl7GQeRz\\nSct1M1v6wts4i6uRt866zuYrxmXtoYxgFTI2A2/IUu/wll+jZ9JIVPtW0w+Arh6T2WcNHMv9tZ0t\\nzGLiSHgVzGSCU3Bx1B7qm3jiu5QiJHuDgsQBsMnf4VBqD0k0/G7uPNDUj0j007duR5oazLoJZTm2\\nmjCOoBK8+YyPwNUoYp5FjjiLMxAUAczRW4Nd01h/7pB50Q1fT2O13F96sK5torfC3Fu0TnOOJcZH\\nKl2trYAMUIDDKkjnToeoGoWbe7cxHycVPrELYxIhz415X1K2ABKkA8iaJdNtGBJbHdjrTcO3qeND\\nyINcMHqK8n9GoN1dh5E0Xq0q+7dSj+803FeoJqe18BXlwl4p9m+lx/XU/wDXf52T5ip0j7PNcxQA\\nGWQIDsMmq1v7U8rmP7wryFxrAvXDTTqSBgDGBQBlk9x1byNdfH4/XddrPz2XqPRa1qa9l6tA4YuP\\nbYHOB3VgAZFSENHjFdnHCYzUdXLK5XdUuOlee1VhdXy2qbrGcv51taneCytGmI9rkg7zWJpkYXiu\\nZzksck1pDZtI0e3hSIys+5j4uHK92e80lJDaS3RaGJ0Q/ZZ8kfHate80m/uoFuI2iiLKW7OdgrqN\\n+jAbbV59ZblcgdmD38NIiRc20OoOjW3bdiAVLOfZbyqy6lMtgLmXtY5pZj2ScJCcHUgnnuenjVdp\\nZmKORmIkllfjYsNj4UUrXU1vEriN4YeJEVW2TfJHzNa0FJJWFswld+y6qDzp2ystPu7yG09dW2hk\\nBYySqMLty/Dvqm+0jUHs4pHs5ILaUj611IUjnsaus7iTSb1bqC1S4dCeHjJwAQByHxpexTqFsdJv\\n5raw1JbiMqAZYhgNnpzpNRFHE0bSAPjiOR4mrJ5ZpbmSWSBg7sWIAwAc5O1UrbyzySzFCq8IABp9\\njQtbHUYdNn1iCS37GNuybtCCx3HIHzpGKWXtWnLYkLcQKnGD3ju3pt9QsI9MnsRYlpml4kuWO6jb\\nbGP+ZrOFzEARvv4VfuaNTezivey3Fu8rC9KELHE8hbO+w8qLV4tUju1gv4jA8UYVY+PIC9ANztzq\\ni1CxW4klcxcKg5A3yCOXjWjqGo6Rd6nbyrdXk0AVRM1wwMnPfHw5VP60am9k7jUr+e39UZpJLcEE\\nAgHGBgb+VSWSW0jS2sZxcRsO1lO67n8P9qu1eXSlvoho8skkBC57Q+1kjJ+XL4U16PXbWczJJqQs\\nY3DKxZA4YjkCD4HnQs2Qj1aa0tzbtDDKGVgS0QJBPUHvqq0mtDBKbmWZZAPqgF2PnTllaQX2qNBJ\\nfwwRkt9e49lvLz8cUtecUJlgSUERvniU5DAeVJNFm4i2vo4GZ7i3SVGCleJmU464x1peS7DyMyEI\\npJIUHIA7t63ILGe+0MyqbQR2/tcJwspHPPiN+vdtWZ2K/wAo+VODX2+iXvofbPJLOt08SkluHhBC\\n0tbafHaRcCkserEYzW5eyszGLiyo5+JpBxiuDw45THdcvmyluoW4cHFQwGMYq4isrXr/ANRsSEP1\\n0vsp4d5rlddh6pO2paoIYzmKE8Pmepq65VIbfsyxQ4GCRse/fvqNKtRDB2z8yM1oW95aKjreWPrH\\nE2QRIVwO7lRomvpdqSyA/SEbYxkGMAH8BSl5qH0jevdzSQh5MZCnA2GK05o/R6RmxbXKZzg5U+W2\\n351TdWXo2YH9VW77bbgEirjxzg1ZUZz3kEELSGRTwjOAdzSWnxzPYAkZknZpmHeM8/xFa1rYaeJA\\nZo8Jg5KpxHONtiR1pWW+tLmKZGgHFA5jBG2eQwO7fb5VrdDL6pfT2XqczKY/YBPZqGIUYUFgMkAd\\n/cKQ1CTsdOlKn2jgDfvIptNB7bRpNRW6iUqci3EwMhTOC3DnI3x+J7soRafG7qzs7hTkBm2zVmxd\\na39zZXy3SASFMAiQZVsghgfMNg05qGtzapEkckEEWDxOYk4eMgYXPgBsBWbdLDPGWinZct7SqftD\\n2d/lRN6O6omkrqgkxascB+Id+MYz3jlTYCeUxNGq4+sJB2ztTuiXljZXDSX1mtwjxsi5UNwnj54P\\ngCPjWVDaTGVXmlL8GeH41NzHdrwJGU4Rkr37nP61aG5uzmnkZV+rZyVBXG2e7pS1x2K8cYgQuE4w\\nx6+H4US2erwxR3NzaTJauPZm7M4PkeRoEjlmuXkfZOHgXIwSO/FNy9K2tEtvR42jnUGliuWP1bIP\\nZA4cgnbv2+NZUtuk7ZkGaUe4uIBHF6sSUXBYH3vGo+k5F961ek4otks7ZNwpGCAd+Va9vpGnw6RJ\\ncpdubjIRoXQb5zyOeXPfFZSSPdxSssTKOEY4hzO/+1S2r28RVGWTIUcRI643p/yJfTnY5W4dem3d\\nUfR0/S+f5Ua6zZnmzD+2p+kbVtxLsfA1dYK+pum9UstNuNqoYVxlKyEKCTsBua8XcznWNXMg3iQ8\\nKeQ6/Gtv0qv/AFe1FpE2JZ9jjovWsqwtuwtuMjBasn12auDJHEi26I4B9tScEjHTxzWdNeTI2Po5\\nwO8Sg/pXptCjuBDJcRxwyRSOsTZjMjJ1yQCAF7yaz9R1LKS2j2dmrBv4kCjv6HfaiRhm/Q+/b3Cn\\nwQH9aD12HniUeaVc7b5qvIPSkoiTVLeGAuvE7Y2XhO5rPtoWitIVnPAZnaRy+e4kfHOK1V7s0TJ2\\ny8LgEeNalGfHNAP8VPvUwLy3iQsZF2HfSnBYyRXLGEhrdmBxybA2x45z+FPWPo5bXtnLdySNBDG5\\nHauh7M+GQck+ABxzO1a50ZFiJDawYBJYuzeXC2/5VprqF49oLRruVoAABEZDw7b8qoeFHj7MDhAG\\nBjpSn0YmWVbgq4weDO5Bzv8Ah+IpsaSYFZdo5MMHXMjD8Go7XR7u9dhaSPIyLx8I94gHoOZ79um/\\nIUwbJ7EiD2oZ7dsjPNW8fHely2NE65dNZeqlIxmEQGQA8RjByF545gb4zSSVneraiCeCUN1rh9JK\\nThlOPDlU5RTguXlKdo2Qk3CfLcD9K2X1WM6LHpyafbK6gh7goDI3tZGD07qwUtZRbScbDtHfjAH5\\nfhVbaheiV2a0XBJwB0q7n9o0l2qubs2BIgTiVlB25jakPpadfetG+f8AtV9vLNeiUmIxgoACe/er\\nuVXpbTTfRy4sCLhkgn4WPG0bNk/Z4eHbGOeetZQtIVGFjQAcvZpEa1DAkcUsUnGq4YjGM/8A5ijG\\nu2eN+P7tJxR9bcbUtcSJBC8srBURSzE9AKbfYV4/0y1ThRdNibd8NLju6D9a4hih5Nb1hrhwQrN7\\nI/lXoKfvpJIVXs4O1TdWAbDL3Ef860OlQGCz4wMySnhUU1byaezuLvtCOIKhQZHDvk8xvyxz60lW\\nvPvqTRy8L2kyr3r7VDJqluTngnH9SY/WvQzWtg8YNqZCxY5D9BgfPfI+HjtUtlE5wU3qDAOoWjD+\\nLjzBqVu7c8pk+dXNPC2oXVsYg0cTAK/cQPaB+JH40dnpUWphmjjgVQFI7QYyW5Ly589vA1ZLbqM2\\nzGbqkXduOc8f3hUtqFskZbtkOBnGedTPpMEMpjltoywAOxyMEZG48Kqk03TFMayQCMyyBFbjIGT3\\n7/jV3rpZ33GfYRyNZowGZJ5ePfrj2j+Cmm4Z5YT9XKyHl7JxTVxBberrEMpwboU+ydx+9ZTaY+cx\\n3MgqbU+hHWlQxfVpcHaOMD571WunXhOFvCPOn7bS2t0eWSbtZJdi45YAq8gOn31zpwjktJOykaFB\\nxqBxLlQdjzHw6ZHWulla4neZwoZzkhFCjPgBsPhSFymoo4AZHVFVFI7gMD8KpE+opziB+FWWIdvX\\naJIXQkHtQNu47H86tsLn1a9eQRpIUlSXhkGVbHQjqKzu0vbspG8HCFcMW8jV88zWcsr9gZBLGqg5\\n90g5/Km4N3WNWXVGR8XXEpJzPcCXAONh7IIHxP75wrMGroPfhcUa6zbdVcfCnRs8svaTQMVADOQw\\nA265/I1vW50g6e7zxsl1CjKsa54ZieTE9CuckcjgeNeZjnV7d5U4uBJM5A3I+1j4E002q2LSbXC5\\nIBOxGCRkj4GrBY0EbHLRqT4iu9VtjzhXP9NQLy1blcR/eFGJYSP4yfeFLpX0vUr2Ows5LmU+zGM4\\n7z0FfOoEm1fVDJIeJ5XyTWz6aan292unxNlIjxPjq3d8P1q70ZsOxtnvJBgn2V7/AB/D8/CuOrE3\\naJGrxow+rUKBncA53x44akFQDY71p6ho9tdz+sMZI5eEKXjbBIHIfjWRNpNwm0eo3X9xB/SiG0yD\\nsMUVxcJYWU105yIlLYJ59w+dZZt9Ui2XUVI/1Qj96Q1C11W+i7Ca7Qwn3gq4zRCOmxs9q802We7k\\nPFk4JXctv5A08CxcsSSSck1L20kKQG3RHWJGUo22c4wQe8YpY3d0nOwbI/lcGorTh351n67KRcWd\\numMsSxyM7f8AM1SdYmjO9lKD5VXG0upasty8TKiJwjINUNcXHIx4twQhXyGQf/M/KveejnoZYajo\\n9td3L3PHOzA9myhVAJHUE9K+dzX9vbFYnV1lUvx7c/bYg/dI+VX2vpDFburRXLxMvJlyCPjV0PSe\\nkGmW+lazPZ2zO0cXDguQTuoPQeNeXguXOn3wV2wHcqc8jjpTc2uw3TtJLd9rK/NnYkk+JNZVtto7\\nnO8j7/EgUHoNPvNOsJZorzTvWhxgZ7Th4VU5wNjzxv4bDG9KXUtvNclraLsoyq+zvscDPMnrmlrp\\n1N7OA6n6xt1ORzqEO/OoLnnW1j7ZlDKpGRnGaF3ElwUOyiHjAxzPEB+Wap1Fs6fL5UaIX1CEDrBI\\nfkAf0qld2aHmoqOwiPONT8KPO9cDQWLgLw4GO6lTpdq5JMeM91MZogavQTOjWrfzD4130Hbfzt86\\neBos06RdZRNe3nHMxYu2WJ617iBzb2iwmJ2SMtwsgzsSTjHPbOP+beaTS7zSZ+GeFsL9tRlT8a1o\\ntXjVApbcVhbTTzpLySZR/qhcfmKzJrq2WTgM8YPcWANO/SqH7VQdRQn3hQZE8qH3SCPA0k8g3rcn\\nktZj9bFG/wDUoNJyxWTDHq8YH+lcflQZXHtU8AYU76lY9EZT4SN+9R6lb/ZlkHxB/SoEuzXuo0Kq\\nMY5VcbFsngufvJn9qBrOYf4sbfAj96aFEsUUu7IreYzSzadaON7eP7opo290OkR8nP7UJFwuxt2P\\nkw/egQfSLIkfUAfGrHt4+x7ILhMYwKudnHvQyDyXP5ULP7I9hxnvU0GM+jxliVkcE7865dHmHuXT\\nitQSRcWONQe4mrAykZDA+RpujKTSrk5WS7LRtswxzp25gmHZy20vZzRhgD0IIwRTGRXE03RikarG\\nM4V/lUet6invWwPkK2SM1JjXAIOSee3KmxjDU7lfetW/GiGscPv27D41q9mO6oMS/wAopsZ41mDO\\nCjj4VZ9MW3e/ypk20Tc0U/Co9Rtv+yn3abH1lzmlZkSQYdFYdxGaYY7UtI1UIy2Nof8A40XwUClZ\\nNLtichCPJjT8hql2HfUGbLpkWfZkkX45pKWwdfduDt3itiU7UlKcmgy3guEP8VW+FCHuFOygjzp1\\nxk1S2VNXYqNxMBvG1CLtuqsPhVpbi86Crs0gXQzufnXGdT9oVLYNVOi9wpuJofGCdjmu46qKL3b0\\nPBg7Ej41dw0tJz3VW0UbbmJT5rQlT0Y12W/mNNw0j1eA/wCGB5bULWkJ5cY/vNFxMOoru0buFXoB\\n6oOk0g+I/au9XcD2Zj8VBo+07xRdquAMHNNQUmCfGe0Q/wBuP1qOzn5YjP8AcR+lXCRc0QdT9oU4\\nmyxWZf8ABz5MK7Mn+Xf5r+9NDB6ii+VZ4G30GRqVkbeieSlnfesqGV6WZ9+dFI+aXLGgJm9nFLvj\\nnRM+1VE5FUVsKXlyKYcgb0vJUFIJzUk1xNCTQSSO+gPOpyOlQTQCaGiNDQQfKoqakioArjUnbegd\\nbgbrEGHT2sE1RJqMZ+FcTMqcRtzt3EH8KATknBhkG2d0NRRcq6hNzEp9o8PntResQkAAj50Eii+d\\nD2kfQ/jXdqg61do9zK46UrI/OueQb5pV5c8jVRYzeNUM3jQvIeHFVF+e4+dRRs1BxEUJkzQM2/Og\\nJjnaqXI6UTNVTuKCticUAbfNc7E4xyoM9KCSetdxUBbnUZqCznUGhBos7VRBqM9K7bFDmorm5Gr0\\nP1UZJz7AP4Uud81bGfqU/pFEHmuzQ5qM0BE9DQOqycIdFYKMLkZxUk1woAaCJiCY1GOWBigNpATn\\nhP3jVpqKg32mJUmqWkGN6q7TYiqy+3Otg2kyarZ+7pVLSkGuL586gtLeFA0njQce1AxG+9UWF8jN\\nVFuJt64HbkarPLIqAsjFDxCoztzoGNBPFhuWagtkk4wO6oY7UGags4vlU8W9VcW9SKC4tk52oScV\\nANdQcTVkZ+oTyqot3HpVkJ+oX4/nQFk1Gd644rqDqnNDmp6UHGu+VdU5oG2bIqtpNsVBbC7Eb1UW\\n9rvqiSc71Gd81BbkMUJNQWk7VDHlVfFUM29UWZzVbGu4sjNASaAuIgZqtjg1PFkYoDQdnxqM70J5\\n12agLODRA91V/GiBoLRXUINSTvQQc1ZCfqF+P51WcEUcP8EeZoLKiurqg7zrs4qK6qOzU/GortvH\\n50Bltt9qDOTUmgHOqkSTXBqhvdrh7pqKmhJ3rupqOhqxXZFCx8aL7NAeQojs9xoSRUHkag9Kgknf\\nOK5cE4JwDzNCetDUBtgOQDkd/fXBqH7VSaC0H5VOarFFVBHuo4do8dMmg60UP8M+ZoLTUVxqOlBO\\nd66oPKuFBNdg91Qaig//2Q==\\n\",\n\t\t\"fileName\": \"1577452818234.jpg\"\n\t}],\n\t\"plotArea\": \"1000 sq.ft\",\n\t\"title\": \"testing\"\n}"
		}
	]
}