{
	"id": "037aba3a-ef63-f015-0c68-ef1741da886e",
	"name": "expense-tracker-collection",
	"description": "",
	"order": [
		"bfb94f66-00bb-adb0-545d-9f2d10d9474f",
		"4a00cfff-a44b-294b-4dcb-34bf7324bf84",
		"26b34dd2-6d40-0d4b-4ebe-af3fe1a05f8f",
		"3728ddbf-34a4-08f7-8f50-f2642b192f48",
		"c55d3b45-6e02-4ec3-b7af-4dc3358e0614",
		"0f813cbe-dcbb-f9a0-bb06-d4be12867e86"
	],
	"folders": [],
	"folders_order": [],
	"timestamp": 1577454086712,
	"owner": "7940003",
	"public": false,
	"requests": [
		{
			"id": "0f813cbe-dcbb-f9a0-bb06-d4be12867e86",
			"headers": "Content-Type: application/json\nAuthorization: eyJhbGciOiJSUzI1NiIsInR5cCI6IkpXVCIsInRva2VuVHlwZSI6ImFjY2Vzcy10b2tlbiJ9.eyJ1c2VySWQiOjI1NDYsIm1vYmlsZU51bWJlciI6IjgyMzc2NjI1MTEiLCJyb2xlIjoiSUhCIiwiaXNBZG1pbiI6ZmFsc2UsImlhdCI6MTU3NzQ1MTAwMCwiZXhwIjoxNTc3NTM3NDAwfQ.I_8imorLBFhQNX2AHSXfwsWpMJbVvDG3Eg1cZ7y67Bni5w2iGLNp_lZIe-vPVXsLEfJRWpP_beZAPHr5FRGdsQ\n",
			"headerData": [
				{
					"key": "Content-Type",
					"value": "application/json",
					"description": "",
					"enabled": true
				},
				{
					"key": "Authorization",
					"value": "eyJhbGciOiJSUzI1NiIsInR5cCI6IkpXVCIsInRva2VuVHlwZSI6ImFjY2Vzcy10b2tlbiJ9.eyJ1c2VySWQiOjI1NDYsIm1vYmlsZU51bWJlciI6IjgyMzc2NjI1MTEiLCJyb2xlIjoiSUhCIiwiaXNBZG1pbiI6ZmFsc2UsImlhdCI6MTU3NzQ1MTAwMCwiZXhwIjoxNTc3NTM3NDAwfQ.I_8imorLBFhQNX2AHSXfwsWpMJbVvDG3Eg1cZ7y67Bni5w2iGLNp_lZIe-vPVXsLEfJRWpP_beZAPHr5FRGdsQ",
					"description": "",
					"enabled": true
				}
			],
			"url": "https://utec-test.sokrati.com/progressTrackerService/expenses",
			"queryParams": [],
			"pathVariables": {},
			"pathVariableData": [],
			"preRequestScript": null,
			"method": "POST",
			"collectionId": "037aba3a-ef63-f015-0c68-ef1741da886e",
			"data": [],
			"dataMode": "raw",
			"name": "https://utec-test.sokrati.com/progressTrackerService/expenses",
			"description": "",
			"descriptionFormat": "html",
			"time": 1577455010409,
			"version": 2,
			"responses": [],
			"tests": null,
			"currentHelper": "normal",
			"helperAttributes": {},
			"rawModeData": "{\n\t\"appId\": 1,\n\t\"amount\": \"5000\",\n\t\"attachBills\": [{\n\t\t\"filePath\": \"https://utec-test.sokrati.com/content/dam/ultratech/user-generated/expencesBills/2546_1577454346471_utech_images_1577454207105.jpeg\"\n\t}],\n\t\"date\": \"2019-12-27 19:13:11\",\n\t\"id\": 613,\n\t\"isDeleted\": false,\n\t\"subCategoryName\": \"Architect's charges (Fee + Design cost)\",\n\t\"typeName\": \"Others\",\n\t\"categoryName\": \"Design\"\n}"
		},
		{
			"id": "26b34dd2-6d40-0d4b-4ebe-af3fe1a05f8f",
			"headers": "Authorization: eyJhbGciOiJSUzI1NiIsInR5cCI6IkpXVCIsInRva2VuVHlwZSI6ImFjY2Vzcy10b2tlbiJ9.eyJ1c2VySWQiOjI1NDYsIm1vYmlsZU51bWJlciI6IjgyMzc2NjI1MTEiLCJyb2xlIjoiSUhCIiwiaXNBZG1pbiI6ZmFsc2UsImlhdCI6MTU3NzQ1MTAwMCwiZXhwIjoxNTc3NTM3NDAwfQ.I_8imorLBFhQNX2AHSXfwsWpMJbVvDG3Eg1cZ7y67Bni5w2iGLNp_lZIe-vPVXsLEfJRWpP_beZAPHr5FRGdsQ\nContent-Type: application/json\n",
			"headerData": [
				{
					"key": "Authorization",
					"value": "eyJhbGciOiJSUzI1NiIsInR5cCI6IkpXVCIsInRva2VuVHlwZSI6ImFjY2Vzcy10b2tlbiJ9.eyJ1c2VySWQiOjI1NDYsIm1vYmlsZU51bWJlciI6IjgyMzc2NjI1MTEiLCJyb2xlIjoiSUhCIiwiaXNBZG1pbiI6ZmFsc2UsImlhdCI6MTU3NzQ1MTAwMCwiZXhwIjoxNTc3NTM3NDAwfQ.I_8imorLBFhQNX2AHSXfwsWpMJbVvDG3Eg1cZ7y67Bni5w2iGLNp_lZIe-vPVXsLEfJRWpP_beZAPHr5FRGdsQ",
					"description": "",
					"enabled": true
				},
				{
					"key": "Content-Type",
					"value": "application/json",
					"description": "",
					"enabled": true
				}
			],
			"url": "https://utec-test.sokrati.com/progressTrackerService/expenses",
			"queryParams": [],
			"pathVariables": {},
			"pathVariableData": [],
			"preRequestScript": null,
			"method": "POST",
			"collectionId": "037aba3a-ef63-f015-0c68-ef1741da886e",
			"data": [],
			"dataMode": "raw",
			"name": "https://utec-test.sokrati.com/progressTrackerService/expenses",
			"description": "",
			"descriptionFormat": "html",
			"time": 1577454356036,
			"version": 2,
			"responses": [],
			"tests": null,
			"currentHelper": "normal",
			"helperAttributes": {},
			"rawModeData": "{\n\t\"appId\": 1,\n\t\"amount\": \"2580\",\n\t\"attachBills\": [{\n\t\t\"base64String\": \"/9j/4AAQSkZJRgABAQAAAQABAAD/2wBDAFA3PEY8MlBGQUZaVVBfeMiCeG5uePWvuZHI////////\\n////////////////////////////////////////////2wBDAVVaWnhpeOuCguv/////////////\\n////////////////////////////////////////////////////////////wAARCAD6ALsDASIA\\nAhEBAxEB/8QAGQAAAwEBAQAAAAAAAAAAAAAAAAECAwQF/8QAKhABAQACAAYBAwQDAQEAAAAAAAEC\\nEQMSITFBUWEEIjITcYGhM1KRI0L/xAAXAQEBAQEAAAAAAAAAAAAAAAAAAQID/8QAGhEBAQEBAQEB\\nAAAAAAAAAAAAAAECETEhEv/aAAwDAQACEQMRAD8A3wy5sZVxhw/wa40RTmzmsq6WXHluHRYlnWNT\\nSmIsbcypHotCkKcnVNz69cYzW8ibnWe225ZbO7CcSztJC58t7Rpvw8rjLzLs5pvw5rnle9Lny/2o\\nN+bPD8cuaeq2wzmeO5/McXNfdLdQegVyxnez/rgAO+ZY3tZf2puP6f8Ayx2ACAAAEDnnHyk1JjB+\\nvxPF1/DIA0vG4l/+604PNlbllbZPlzuzDWHCxnubqxnV5E1N7KuUTlk25SJIWlsa4qJ4mHNNzvP7\\nG1Sp6s+OcNOLjrLc7Vmw6AAADIAAADf6Wffb8Olh9N2t91uAAAgIAGM4WJ8mM8RRbRopOuovPZYX\\n7ivWtxjRUsoeV5enepsvlWUbGwNijp7OEP2BWU5sLGDeVnnNZfCVcoB0mWgAAAAB08HphG0vRhw7\\n9slbY3oBgAAAQjLmLbScKeVXHWP2ySo0zw6XqcvelllnZJlJNevIjc8c9eqmF/Kp4u7lu91zL+yy\\n691RjYUm2lxTj30KJrV9p8qsLXUAXF7Sq0Wf4UpPWIAYbAAACdwrh482cgLw35bYXoJwZPNVMNeQ\\nPY2XKNUD2C1R1BYIkUuJ1xROzSzcZ61WssaODdE7nY0yVjLWq2tZ5dwhTexju2gSgac/wp7GXbRS\\nT6wDTlnocs9MddeMw05Z6HLPSdOM2v0/+TfwOWel8Oa3oG4TMvatgAAAAIFaGlBULSeJjubixoGB\\n79jKct0TbmEZLTYIkAQaHkUeT0mvFz6RKRZZ8ubZmUyvmVV6qFpWBKxQMAKHMvatsxsGgTMvZ7Qb\\nEqpaQAAGXE3z1MacWdqzajnoFTpKiKIdmz1JPkVKp1JWM2mvGs+kS+Wjl+HNtAVyDkoJVC5aclAA\\n9UtVQEeqNUABqjVQdVSdS0gMgAzm8b8MW+tzTnvStZY0pNvyUtt1voLhMbqtcYHNCth9C89jiiVf\\nD8s2vD7VNeNZ9UATk6AAAAAAAAAAAAQBtSFJpDikxUA2H1E+7+HRI5/qfz18LErOdD6bTLo9z1W3\\nLh3U8Ju74PfxTmNvqCFJo+HdXXsteynSxL9jWb9bEZOTsAE55cs+QMc09xhbu9acXh1uGcnmVUvs\\nOqAJAAAGtIBpDiomKgNMY5vqvz/h04uf6r85+yxKw8AeA0wqNMdeWU/dU6qxTykvSJuKrvRd4Eqp\\n2FLHsblXeeEniY249O8UaK5LaW66s+Hjn1vf3GV4F8WKJxzsbYZTKVnOBl5sa4cOY/NE4oAIoIwC\\ngA0hxcRFQGmNZfVT7cclylxpcuHZPHVYjkG9FRrcb4wculc5cs8l0Vn4dyGyF6QOLxvQ9ssbdtI4\\n312nhwyVMbreuiKQGzAAEAAAEDIFgg0hnCMFSntI2DHiSc91GfZpn+VQs0zcjexIm5yfInNl8Rr9\\nRn81V1J1rO57vtpOF03ev7qmEnhm661M8ZS5eJ/1U5/N/pdE6VltOsv97/xdzy/S5N/yotQ6I5c9\\ndMv6H/pPVXy+qW7O8BPPlPyxv8Kxzxy7USyllhjl3gKDPWePb7oX63S9NUGuxtjON7iuee4DYyGw\\nMJuUnexN4uE87BrsbYXjW/jj/wBLlz4n5XoqHxOJjMunW/DPWWXfpGn6cxh6RUzh4zs0x1EqkEXb\\n0T3VjOib0VImkZI0qdjTKoAAAKyUtWdlAEc3vojiTmnTTWxFx9A57Ndw0yntne6o6OTO9+J/QvDm\\nuuVqubxBy+aio5MfGO/3VOH+0/ZegAmMngwAF7M2iL3AlS6IAuVNLYEAAFCknAMjIAAAABAnOTTm\\ndHEusK51iV2SaMgimCMAZADLKGAQRgCAAAAADhAFApTAAEBkBsGXGvSMWnGv3M1R2ABFAIwMEYAA\\nAVI6QAjAEAAAIAZypOAojIAVFKgwzu8qk8u9JUf/2Q==\\n\",\n\t\t\"fileName\": \"utech_images_1577454207105.jpeg\",\n\t\t\"filePath\": \"/storage/emulated/0/UtechImage/utech_images_1577454207105.jpeg\",\n\t\t\"isUpdated\": true\n\t}],\n\t\"date\": \"2019-12-27 19:13:11\",\n\t\"isDeleted\": false,\n\t\"subCategoryName\": \"Architect's charges (Fee + Design cost)\",\n\t\"typeName\": \"Others\",\n\t\"deleted\": false,\n\t\"categoryName\": \"Design\"\n}"
		},
		{
			"id": "3728ddbf-34a4-08f7-8f50-f2642b192f48",
			"headers": "Authorization: eyJhbGciOiJSUzI1NiIsInR5cCI6IkpXVCIsInRva2VuVHlwZSI6ImFjY2Vzcy10b2tlbiJ9.eyJ1c2VySWQiOjI1NDYsIm1vYmlsZU51bWJlciI6IjgyMzc2NjI1MTEiLCJyb2xlIjoiSUhCIiwiaXNBZG1pbiI6ZmFsc2UsImlhdCI6MTU3NzQ1MTAwMCwiZXhwIjoxNTc3NTM3NDAwfQ.I_8imorLBFhQNX2AHSXfwsWpMJbVvDG3Eg1cZ7y67Bni5w2iGLNp_lZIe-vPVXsLEfJRWpP_beZAPHr5FRGdsQ\n",
			"headerData": [
				{
					"key": "Authorization",
					"value": "eyJhbGciOiJSUzI1NiIsInR5cCI6IkpXVCIsInRva2VuVHlwZSI6ImFjY2Vzcy10b2tlbiJ9.eyJ1c2VySWQiOjI1NDYsIm1vYmlsZU51bWJlciI6IjgyMzc2NjI1MTEiLCJyb2xlIjoiSUhCIiwiaXNBZG1pbiI6ZmFsc2UsImlhdCI6MTU3NzQ1MTAwMCwiZXhwIjoxNTc3NTM3NDAwfQ.I_8imorLBFhQNX2AHSXfwsWpMJbVvDG3Eg1cZ7y67Bni5w2iGLNp_lZIe-vPVXsLEfJRWpP_beZAPHr5FRGdsQ",
					"description": "",
					"enabled": true
				}
			],
			"url": "https://utec-test.sokrati.com/progressTrackerService/expenseHistory?sortOrder=ASC",
			"queryParams": [
				{
					"key": "sortOrder",
					"value": "ASC",
					"equals": true,
					"description": "",
					"enabled": true
				}
			],
			"pathVariables": {},
			"pathVariableData": [],
			"preRequestScript": null,
			"method": "GET",
			"collectionId": "037aba3a-ef63-f015-0c68-ef1741da886e",
			"data": null,
			"dataMode": "params",
			"name": "https://utec-test.sokrati.com/progressTrackerService/expenseHistory?sortOrder=ASC",
			"description": "",
			"descriptionFormat": "html",
			"time": 1577454497152,
			"version": 2,
			"responses": [],
			"tests": null,
			"currentHelper": "normal",
			"helperAttributes": {}
		},
		{
			"id": "4a00cfff-a44b-294b-4dcb-34bf7324bf84",
			"headers": "Authorization: eyJhbGciOiJSUzI1NiIsInR5cCI6IkpXVCIsInRva2VuVHlwZSI6ImFjY2Vzcy10b2tlbiJ9.eyJ1c2VySWQiOjI1NDYsIm1vYmlsZU51bWJlciI6IjgyMzc2NjI1MTEiLCJyb2xlIjoiSUhCIiwiaXNBZG1pbiI6ZmFsc2UsImlhdCI6MTU3NzQ1MTAwMCwiZXhwIjoxNTc3NTM3NDAwfQ.I_8imorLBFhQNX2AHSXfwsWpMJbVvDG3Eg1cZ7y67Bni5w2iGLNp_lZIe-vPVXsLEfJRWpP_beZAPHr5FRGdsQ\n",
			"headerData": [
				{
					"key": "Authorization",
					"value": "eyJhbGciOiJSUzI1NiIsInR5cCI6IkpXVCIsInRva2VuVHlwZSI6ImFjY2Vzcy10b2tlbiJ9.eyJ1c2VySWQiOjI1NDYsIm1vYmlsZU51bWJlciI6IjgyMzc2NjI1MTEiLCJyb2xlIjoiSUhCIiwiaXNBZG1pbiI6ZmFsc2UsImlhdCI6MTU3NzQ1MTAwMCwiZXhwIjoxNTc3NTM3NDAwfQ.I_8imorLBFhQNX2AHSXfwsWpMJbVvDG3Eg1cZ7y67Bni5w2iGLNp_lZIe-vPVXsLEfJRWpP_beZAPHr5FRGdsQ",
					"description": "",
					"enabled": true
				}
			],
			"url": "https://utec-test.sokrati.com/progressTrackerService/category",
			"queryParams": [],
			"pathVariables": {},
			"pathVariableData": [],
			"preRequestScript": null,
			"method": "GET",
			"collectionId": "037aba3a-ef63-f015-0c68-ef1741da886e",
			"data": null,
			"dataMode": "params",
			"name": "https://utec-test.sokrati.com/progressTrackerService/category",
			"description": "",
			"descriptionFormat": "html",
			"time": 1577454133120,
			"version": 2,
			"responses": [],
			"tests": null,
			"currentHelper": "normal",
			"helperAttributes": {}
		},
		{
			"id": "bfb94f66-00bb-adb0-545d-9f2d10d9474f",
			"headers": "Authorization: eyJhbGciOiJSUzI1NiIsInR5cCI6IkpXVCIsInRva2VuVHlwZSI6ImFjY2Vzcy10b2tlbiJ9.eyJ1c2VySWQiOjI1NDYsIm1vYmlsZU51bWJlciI6IjgyMzc2NjI1MTEiLCJyb2xlIjoiSUhCIiwiaXNBZG1pbiI6ZmFsc2UsImlhdCI6MTU3NzQ1MTAwMCwiZXhwIjoxNTc3NTM3NDAwfQ.I_8imorLBFhQNX2AHSXfwsWpMJbVvDG3Eg1cZ7y67Bni5w2iGLNp_lZIe-vPVXsLEfJRWpP_beZAPHr5FRGdsQ\n",
			"headerData": [
				{
					"key": "Authorization",
					"value": "eyJhbGciOiJSUzI1NiIsInR5cCI6IkpXVCIsInRva2VuVHlwZSI6ImFjY2Vzcy10b2tlbiJ9.eyJ1c2VySWQiOjI1NDYsIm1vYmlsZU51bWJlciI6IjgyMzc2NjI1MTEiLCJyb2xlIjoiSUhCIiwiaXNBZG1pbiI6ZmFsc2UsImlhdCI6MTU3NzQ1MTAwMCwiZXhwIjoxNTc3NTM3NDAwfQ.I_8imorLBFhQNX2AHSXfwsWpMJbVvDG3Eg1cZ7y67Bni5w2iGLNp_lZIe-vPVXsLEfJRWpP_beZAPHr5FRGdsQ",
					"description": "",
					"enabled": true
				}
			],
			"url": "https://utec-test.sokrati.com/progressTrackerService/expensesDetails",
			"queryParams": [],
			"pathVariables": {},
			"pathVariableData": [],
			"preRequestScript": null,
			"method": "GET",
			"collectionId": "037aba3a-ef63-f015-0c68-ef1741da886e",
			"data": null,
			"dataMode": "params",
			"name": "https://utec-test.sokrati.com/progressTrackerService/expensesDetails",
			"description": "",
			"descriptionFormat": "html",
			"time": 1577454089091,
			"version": 2,
			"responses": [],
			"tests": null,
			"currentHelper": "normal",
			"helperAttributes": {}
		},
		{
			"id": "c55d3b45-6e02-4ec3-b7af-4dc3358e0614",
			"headers": "Authorization: eyJhbGciOiJSUzI1NiIsInR5cCI6IkpXVCIsInRva2VuVHlwZSI6ImFjY2Vzcy10b2tlbiJ9.eyJ1c2VySWQiOjI1NDYsIm1vYmlsZU51bWJlciI6IjgyMzc2NjI1MTEiLCJyb2xlIjoiSUhCIiwiaXNBZG1pbiI6ZmFsc2UsImlhdCI6MTU3NzQ1MTAwMCwiZXhwIjoxNTc3NTM3NDAwfQ.I_8imorLBFhQNX2AHSXfwsWpMJbVvDG3Eg1cZ7y67Bni5w2iGLNp_lZIe-vPVXsLEfJRWpP_beZAPHr5FRGdsQ\n",
			"headerData": [
				{
					"key": "Authorization",
					"value": "eyJhbGciOiJSUzI1NiIsInR5cCI6IkpXVCIsInRva2VuVHlwZSI6ImFjY2Vzcy10b2tlbiJ9.eyJ1c2VySWQiOjI1NDYsIm1vYmlsZU51bWJlciI6IjgyMzc2NjI1MTEiLCJyb2xlIjoiSUhCIiwiaXNBZG1pbiI6ZmFsc2UsImlhdCI6MTU3NzQ1MTAwMCwiZXhwIjoxNTc3NTM3NDAwfQ.I_8imorLBFhQNX2AHSXfwsWpMJbVvDG3Eg1cZ7y67Bni5w2iGLNp_lZIe-vPVXsLEfJRWpP_beZAPHr5FRGdsQ",
					"description": "",
					"enabled": true
				}
			],
			"url": "https://utec-test.sokrati.com/progressTrackerService/individualExpenses?jsonQuery=%7B%22appId%22%3A1%2C%22id%22%3A613%2C%22resourcePath%22%3Anull%7D",
			"queryParams": [
				{
					"key": "jsonQuery",
					"value": "%7B%22appId%22%3A1%2C%22id%22%3A613%2C%22resourcePath%22%3Anull%7D",
					"equals": true,
					"description": "",
					"enabled": true
				}
			],
			"pathVariables": {},
			"pathVariableData": [],
			"preRequestScript": null,
			"method": "GET",
			"collectionId": "037aba3a-ef63-f015-0c68-ef1741da886e",
			"data": null,
			"dataMode": "params",
			"name": "https://utec-test.sokrati.com/progressTrackerService/individualExpenses?jsonQuery=%7B%22appId%22%3A1%2C%22id%22%3A613%2C%22resourcePath%22%3Anull%7D",
			"description": "",
			"descriptionFormat": "html",
			"time": 1577454715977,
			"version": 2,
			"responses": [],
			"tests": null,
			"currentHelper": "normal",
			"helperAttributes": {}
		}
	]
}